[   13162ms] [WARNING] The resource http://localhost:3100/_next/static/chunks/16is0-gbk0iqp.css was preloaded using link preload but not used within a few seconds from the window's load event. Please make sure it has an appropriate `as` value and it is preloaded intentionally. @ http://localhost:3100/uk/movies/page/2?type=popular:0
[   68013ms] [ERROR] Failed to load resource: net::ERR_CONNECTION_REFUSED @ http://localhost:3100/uk/movies?_rsc=116uOqU35WO0_GRH:0
[   71015ms] [WARNING] The resource http://localhost:3100/_next/static/chunks/16is0-gbk0iqp.css was preloaded using link preload but not used within a few seconds from the window's load event. Please make sure it has an appropriate `as` value and it is preloaded intentionally. @ http://localhost:3100/uk/movies/page/2?type=popular:0
[   73270ms] [ERROR] Failed to load resource: net::ERR_CONNECTION_REFUSED @ http://localhost:3100/uk?_rsc=116uOqU35WO0_GRH:0
[   76271ms] [WARNING] The resource http://localhost:3100/_next/static/chunks/16is0-gbk0iqp.css was preloaded using link preload but not used within a few seconds from the window's load event. Please make sure it has an appropriate `as` value and it is preloaded intentionally. @ http://localhost:3100/uk/movies/page/2?type=popular:0
[  952712ms] [WARNING] The resource http://localhost:3100/_next/static/chunks/16is0-gbk0iqp.css was preloaded using link preload but not used within a few seconds from the window's load event. Please make sure it has an appropriate `as` value and it is preloaded intentionally. @ http://localhost:3100/uk:0
[ 1578912ms] [INFO] %cDownload the React DevTools for a better development experience: https://react.dev/link/react-devtools font-weight:bold @ http://localhost:3000/_next/static/chunks/node_modules_next_dist_1e8vcs8._.js:776
[ 1578965ms] [LOG] [HMR] connected @ http://localhost:3000/_next/static/chunks/node_modules_next_dist_1e8vcs8._.js:776
[ 1579509ms] [LOG] [Fast Refresh] rebuilding @ http://localhost:3000/_next/static/chunks/node_modules_next_dist_1e8vcs8._.js:776
[ 1579661ms] [LOG] [Fast Refresh] done in 388ms @ http://localhost:3000/_next/static/chunks/node_modules_next_dist_1e8vcs8._.js:776
[ 1584216ms] [INFO] %cDownload the React DevTools for a better development experience: https://react.dev/link/react-devtools font-weight:bold @ http://localhost:3000/_next/static/chunks/node_modules_next_dist_1e8vcs8._.js:776
[ 1584233ms] [LOG] [HMR] connected @ http://localhost:3000/_next/static/chunks/node_modules_next_dist_1e8vcs8._.js:776
[ 1587585ms] [LOG] [Fast Refresh] rebuilding @ http://localhost:3000/_next/static/chunks/node_modules_next_dist_1e8vcs8._.js:776
[ 1587601ms] [LOG] [Fast Refresh] done in 117ms @ http://localhost:3000/_next/static/chunks/node_modules_next_dist_1e8vcs8._.js:776
[ 1587998ms] [INFO] %cDownload the React DevTools for a better development experience: https://react.dev/link/react-devtools font-weight:bold @ http://localhost:3000/_next/static/chunks/node_modules_next_dist_1e8vcs8._.js:776
[ 1588007ms] [LOG] [HMR] connected @ http://localhost:3000/_next/static/chunks/node_modules_next_dist_1e8vcs8._.js:776
[ 1590154ms] [INFO] %cDownload the React DevTools for a better development experience: https://react.dev/link/react-devtools font-weight:bold @ http://localhost:3000/_next/static/chunks/node_modules_next_dist_1e8vcs8._.js:776
[ 1590163ms] [LOG] [HMR] connected @ http://localhost:3000/_next/static/chunks/node_modules_next_dist_1e8vcs8._.js:776
[ 1592913ms] [INFO] %cDownload the React DevTools for a better development experience: https://react.dev/link/react-devtools font-weight:bold @ http://localhost:3000/_next/static/chunks/node_modules_next_dist_1e8vcs8._.js:776
[ 1592923ms] [LOG] [HMR] connected @ http://localhost:3000/_next/static/chunks/node_modules_next_dist_1e8vcs8._.js:776
[ 1596018ms] [WARNING] The resource http://localhost:3000/_next/static/chunks/%5Broot-of-the-server%5D__1s7x9ir._.css was preloaded using link preload but not used within a few seconds from the window's load event. Please make sure it has an appropriate `as` value and it is preloaded intentionally. @ http://localhost:3000/uk/persons:0
[ 1624953ms] [INFO] %cDownload the React DevTools for a better development experience: https://react.dev/link/react-devtools font-weight:bold @ http://localhost:3000/_next/static/chunks/node_modules_next_dist_1e8vcs8._.js:776
[ 1624965ms] [LOG] [HMR] connected @ http://localhost:3000/_next/static/chunks/node_modules_next_dist_1e8vcs8._.js:776
[ 1630137ms] [INFO] %cDownload the React DevTools for a better development experience: https://react.dev/link/react-devtools font-weight:bold @ http://localhost:3000/_next/static/chunks/node_modules_next_dist_1e8vcs8._.js:776
[ 1630151ms] [LOG] [HMR] connected @ http://localhost:3000/_next/static/chunks/node_modules_next_dist_1e8vcs8._.js:776
[ 1633383ms] [WARNING] The resource http://localhost:3000/_next/static/chunks/%5Broot-of-the-server%5D__1s7x9ir._.css was preloaded using link preload but not used within a few seconds from the window's load event. Please make sure it has an appropriate `as` value and it is preloaded intentionally. @ http://localhost:3000/uk:0
[ 1673833ms] [INFO] %cDownload the React DevTools for a better development experience: https://react.dev/link/react-devtools font-weight:bold @ http://localhost:3000/_next/static/chunks/node_modules_next_dist_1e8vcs8._.js:776
[ 1673849ms] [LOG] [HMR] connected @ http://localhost:3000/_next/static/chunks/node_modules_next_dist_1e8vcs8._.js:776
[ 1678206ms] [INFO] %cDownload the React DevTools for a better development experience: https://react.dev/link/react-devtools font-weight:bold @ http://localhost:3000/_next/static/chunks/node_modules_next_dist_1e8vcs8._.js:776
[ 1678228ms] [LOG] [HMR] connected @ http://localhost:3000/_next/static/chunks/node_modules_next_dist_1e8vcs8._.js:776
[ 1680949ms] [INFO] %cDownload the React DevTools for a better development experience: https://react.dev/link/react-devtools font-weight:bold @ http://localhost:3000/_next/static/chunks/node_modules_next_dist_1e8vcs8._.js:776
[ 1680958ms] [LOG] [HMR] connected @ http://localhost:3000/_next/static/chunks/node_modules_next_dist_1e8vcs8._.js:776
[ 1682880ms] [INFO] %cDownload the React DevTools for a better development experience: https://react.dev/link/react-devtools font-weight:bold @ http://localhost:3000/_next/static/chunks/node_modules_next_dist_1e8vcs8._.js:776
[ 1682889ms] [LOG] [HMR] connected @ http://localhost:3000/_next/static/chunks/node_modules_next_dist_1e8vcs8._.js:776
[ 1685040ms] [INFO] %cDownload the React DevTools for a better development experience: https://react.dev/link/react-devtools font-weight:bold @ http://localhost:3000/_next/static/chunks/node_modules_next_dist_1e8vcs8._.js:776
[ 1685049ms] [LOG] [HMR] connected @ http://localhost:3000/_next/static/chunks/node_modules_next_dist_1e8vcs8._.js:776
[ 1688136ms] [WARNING] The resource http://localhost:3000/_next/static/chunks/%5Broot-of-the-server%5D__1s7x9ir._.css was preloaded using link preload but not used within a few seconds from the window's load event. Please make sure it has an appropriate `as` value and it is preloaded intentionally. @ http://localhost:3000/uk/persons:0
[ 1716747ms] [INFO] %cDownload the React DevTools for a better development experience: https://react.dev/link/react-devtools font-weight:bold @ http://localhost:3000/_next/static/chunks/node_modules_next_dist_1e8vcs8._.js:776
[ 1716761ms] [LOG] [HMR] connected @ http://localhost:3000/_next/static/chunks/node_modules_next_dist_1e8vcs8._.js:776
[ 1719856ms] [WARNING] The resource http://localhost:3000/_next/static/chunks/%5Broot-of-the-server%5D__1s7x9ir._.css was preloaded using link preload but not used within a few seconds from the window's load event. Please make sure it has an appropriate `as` value and it is preloaded intentionally. @ http://localhost:3000/uk/movies?type=top_rated:0
[ 1721908ms] [INFO] %cDownload the React DevTools for a better development experience: https://react.dev/link/react-devtools font-weight:bold @ http://localhost:3000/_next/static/chunks/node_modules_next_dist_1e8vcs8._.js:776
[ 1721927ms] [LOG] [HMR] connected @ http://localhost:3000/_next/static/chunks/node_modules_next_dist_1e8vcs8._.js:776
[ 1725039ms] [WARNING] The resource http://localhost:3000/_next/static/chunks/%5Broot-of-the-server%5D__1s7x9ir._.css was preloaded using link preload but not used within a few seconds from the window's load event. Please make sure it has an appropriate `as` value and it is preloaded intentionally. @ http://localhost:3000/uk:0
[ 1744738ms] [LOG] [Fast Refresh] rebuilding @ http://localhost:3000/_next/static/chunks/node_modules_next_dist_1e8vcs8._.js:776
[ 1745198ms] [LOG] [Fast Refresh] done in 488ms @ http://localhost:3000/_next/static/chunks/node_modules_next_dist_1e8vcs8._.js:776
[ 1745261ms] [LOG] [Fast Refresh] done in 488ms @ http://localhost:3000/_next/static/chunks/node_modules_next_dist_1e8vcs8._.js:776
[ 1745568ms] [LOG] [Fast Refresh] done in 488ms @ http://localhost:3000/_next/static/chunks/node_modules_next_dist_1e8vcs8._.js:776
[ 1748646ms] [WARNING] The resource http://localhost:3000/_next/static/chunks/%5Broot-of-the-server%5D__1s7x9ir._.css was preloaded using link preload but not used within a few seconds from the window's load event. Please make sure it has an appropriate `as` value and it is preloaded intentionally. @ http://localhost:3000/uk:0
[ 1902840ms] [LOG] [Fast Refresh] rebuilding @ http://localhost:3000/_next/static/chunks/node_modules_next_dist_1e8vcs8._.js:776
[ 1903939ms] [LOG] [Fast Refresh] done in 1043ms @ http://localhost:3000/_next/static/chunks/node_modules_next_dist_1e8vcs8._.js:776
[ 1904228ms] [LOG] [Fast Refresh] done in 1043ms @ http://localhost:3000/_next/static/chunks/node_modules_next_dist_1e8vcs8._.js:776
[ 1907361ms] [WARNING] The resource http://localhost:3000/_next/static/chunks/%5Broot-of-the-server%5D__1s7x9ir._.css was preloaded using link preload but not used within a few seconds from the window's load event. Please make sure it has an appropriate `as` value and it is preloaded intentionally. @ http://localhost:3000/uk:0
[ 1914581ms] [LOG] [Fast Refresh] rebuilding @ http://localhost:3000/_next/static/chunks/node_modules_next_dist_1e8vcs8._.js:776
[ 1915547ms] [LOG] [Fast Refresh] done in 1008ms @ http://localhost:3000/_next/static/chunks/node_modules_next_dist_1e8vcs8._.js:776
[ 1915585ms] [LOG] [Fast Refresh] done in 1008ms @ http://localhost:3000/_next/static/chunks/node_modules_next_dist_1e8vcs8._.js:776
[ 1915728ms] [LOG] [Fast Refresh] done in 1008ms @ http://localhost:3000/_next/static/chunks/node_modules_next_dist_1e8vcs8._.js:776
[ 1917169ms] [LOG] [Fast Refresh] done in 1008ms @ http://localhost:3000/_next/static/chunks/node_modules_next_dist_1e8vcs8._.js:776
[ 1918920ms] [WARNING] The resource http://localhost:3000/_next/static/chunks/%5Broot-of-the-server%5D__1s7x9ir._.css was preloaded using link preload but not used within a few seconds from the window's load event. Please make sure it has an appropriate `as` value and it is preloaded intentionally. @ http://localhost:3000/uk:0
[ 1919142ms] [LOG] [Fast Refresh] done in 1008ms @ http://localhost:3000/_next/static/chunks/node_modules_next_dist_1e8vcs8._.js:776
[ 1919716ms] [LOG] [Fast Refresh] done in 1008ms @ http://localhost:3000/_next/static/chunks/node_modules_next_dist_1e8vcs8._.js:776
[ 1920356ms] [LOG] [Fast Refresh] done in 1008ms @ http://localhost:3000/_next/static/chunks/node_modules_next_dist_1e8vcs8._.js:776
[ 1920582ms] [LOG] [Fast Refresh] done in 1008ms @ http://localhost:3000/_next/static/chunks/node_modules_next_dist_1e8vcs8._.js:776
[ 1920970ms] [LOG] [Fast Refresh] done in 1008ms @ http://localhost:3000/_next/static/chunks/node_modules_next_dist_1e8vcs8._.js:776
[ 1921826ms] [LOG] [Fast Refresh] done in 1008ms @ http://localhost:3000/_next/static/chunks/node_modules_next_dist_1e8vcs8._.js:776
[ 1922319ms] [LOG] [Fast Refresh] done in 1008ms @ http://localhost:3000/_next/static/chunks/node_modules_next_dist_1e8vcs8._.js:776
[ 1926422ms] [LOG] [Fast Refresh] done in 1008ms @ http://localhost:3000/_next/static/chunks/node_modules_next_dist_1e8vcs8._.js:776
[ 1926940ms] [LOG] [Fast Refresh] done in 1008ms @ http://localhost:3000/_next/static/chunks/node_modules_next_dist_1e8vcs8._.js:776
[ 1927002ms] [LOG] [Fast Refresh] done in 1008ms @ http://localhost:3000/_next/static/chunks/node_modules_next_dist_1e8vcs8._.js:776
[ 1927112ms] [LOG] [Fast Refresh] done in 1008ms @ http://localhost:3000/_next/static/chunks/node_modules_next_dist_1e8vcs8._.js:776
[ 1928327ms] [LOG] [Fast Refresh] done in 1008ms @ http://localhost:3000/_next/static/chunks/node_modules_next_dist_1e8vcs8._.js:776
[ 1928811ms] [INFO] %cDownload the React DevTools for a better development experience: https://react.dev/link/react-devtools font-weight:bold @ http://localhost:3000/_next/static/chunks/node_modules_next_dist_1e8vcs8._.js:776
[ 1928969ms] [LOG] [HMR] connected @ http://localhost:3000/_next/static/chunks/node_modules_next_dist_1e8vcs8._.js:776
[ 1937886ms] [WARNING] The resource http://localhost:3000/_next/static/chunks/%5Broot-of-the-server%5D__1si8val._.css was preloaded using link preload but not used within a few seconds from the window's load event. Please make sure it has an appropriate `as` value and it is preloaded intentionally. @ http://localhost:3000/uk/movies/27205:0
[ 1943350ms] [WARNING] The resource http://localhost:3000/_next/static/chunks/%5Broot-of-the-server%5D__1si8val._.css was preloaded using link preload but not used within a few seconds from the window's load event. Please make sure it has an appropriate `as` value and it is preloaded intentionally. @ http://localhost:3000/uk/movies/27205:0
[ 1948304ms] [WARNING] The resource http://localhost:3000/_next/static/chunks/%5Broot-of-the-server%5D__1si8val._.css was preloaded using link preload but not used within a few seconds from the window's load event. Please make sure it has an appropriate `as` value and it is preloaded intentionally. @ http://localhost:3000/uk/movies/27205:0
[ 1953546ms] [WARNING] The resource http://localhost:3000/_next/static/chunks/%5Broot-of-the-server%5D__1si8val._.css was preloaded using link preload but not used within a few seconds from the window's load event. Please make sure it has an appropriate `as` value and it is preloaded intentionally. @ http://localhost:3000/uk/movies/27205:0
[ 1958633ms] [WARNING] The resource http://localhost:3000/_next/static/chunks/%5Broot-of-the-server%5D__1si8val._.css was preloaded using link preload but not used within a few seconds from the window's load event. Please make sure it has an appropriate `as` value and it is preloaded intentionally. @ http://localhost:3000/uk/movies/27205:0
[ 1963588ms] [WARNING] The resource http://localhost:3000/_next/static/chunks/%5Broot-of-the-server%5D__1si8val._.css was preloaded using link preload but not used within a few seconds from the window's load event. Please make sure it has an appropriate `as` value and it is preloaded intentionally. @ http://localhost:3000/uk/movies/27205:0
[ 1968708ms] [INFO] %cDownload the React DevTools for a better development experience: https://react.dev/link/react-devtools font-weight:bold @ http://localhost:3000/_next/static/chunks/node_modules_next_dist_1e8vcs8._.js:776
[ 1968721ms] [LOG] [HMR] connected @ http://localhost:3000/_next/static/chunks/node_modules_next_dist_1e8vcs8._.js:776
[ 1975899ms] [WARNING] The resource http://localhost:3000/_next/static/chunks/%5Broot-of-the-server%5D__1si8val._.css was preloaded using link preload but not used within a few seconds from the window's load event. Please make sure it has an appropriate `as` value and it is preloaded intentionally. @ http://localhost:3000/uk/movies/27205:0
[ 1991832ms] [WARNING] The resource http://localhost:3000/_next/static/chunks/%5Broot-of-the-server%5D__1si8val._.css was preloaded using link preload but not used within a few seconds from the window's load event. Please make sure it has an appropriate `as` value and it is preloaded intentionally. @ http://localhost:3000/uk/movies/27205:0
[ 2012340ms] [WARNING] The resource http://localhost:3000/_next/static/chunks/%5Broot-of-the-server%5D__1si8val._.css was preloaded using link preload but not used within a few seconds from the window's load event. Please make sure it has an appropriate `as` value and it is preloaded intentionally. @ http://localhost:3000/uk/movies/27205:0
[ 2017516ms] [WARNING] The resource http://localhost:3000/_next/static/chunks/%5Broot-of-the-server%5D__1si8val._.css was preloaded using link preload but not used within a few seconds from the window's load event. Please make sure it has an appropriate `as` value and it is preloaded intentionally. @ http://localhost:3000/uk/movies/27205:0
[ 2022579ms] [WARNING] The resource http://localhost:3000/_next/static/chunks/%5Broot-of-the-server%5D__1si8val._.css was preloaded using link preload but not used within a few seconds from the window's load event. Please make sure it has an appropriate `as` value and it is preloaded intentionally. @ http://localhost:3000/uk/movies/27205:0
[ 2027623ms] [WARNING] The resource http://localhost:3000/_next/static/chunks/%5Broot-of-the-server%5D__1si8val._.css was preloaded using link preload but not used within a few seconds from the window's load event. Please make sure it has an appropriate `as` value and it is preloaded intentionally. @ http://localhost:3000/uk/movies/27205:0
[ 2033107ms] [WARNING] The resource http://localhost:3000/_next/static/chunks/%5Broot-of-the-server%5D__1si8val._.css was preloaded using link preload but not used within a few seconds from the window's load event. Please make sure it has an appropriate `as` value and it is preloaded intentionally. @ http://localhost:3000/uk/movies/27205:0
[ 2037541ms] [WARNING] The resource http://localhost:3000/_next/static/chunks/%5Broot-of-the-server%5D__1si8val._.css was preloaded using link preload but not used within a few seconds from the window's load event. Please make sure it has an appropriate `as` value and it is preloaded intentionally. @ http://localhost:3000/uk/movies/27205:0
[ 2042441ms] [WARNING] The resource http://localhost:3000/_next/static/chunks/%5Broot-of-the-server%5D__1si8val._.css was preloaded using link preload but not used within a few seconds from the window's load event. Please make sure it has an appropriate `as` value and it is preloaded intentionally. @ http://localhost:3000/uk/movies/27205:0
[ 2045976ms] [WARNING] The resource http://localhost:3000/_next/static/chunks/%5Broot-of-the-server%5D__1si8val._.css was preloaded using link preload but not used within a few seconds from the window's load event. Please make sure it has an appropriate `as` value and it is preloaded intentionally. @ http://localhost:3000/uk/movies/27205:0
[ 2051661ms] [WARNING] The resource http://localhost:3000/_next/static/chunks/%5Broot-of-the-server%5D__1si8val._.css was preloaded using link preload but not used within a few seconds from the window's load event. Please make sure it has an appropriate `as` value and it is preloaded intentionally. @ http://localhost:3000/uk/movies/27205:0
[ 2055601ms] [WARNING] The resource http://localhost:3000/_next/static/chunks/%5Broot-of-the-server%5D__1si8val._.css was preloaded using link preload but not used within a few seconds from the window's load event. Please make sure it has an appropriate `as` value and it is preloaded intentionally. @ http://localhost:3000/uk/movies/27205:0
[ 2060469ms] [WARNING] The resource http://localhost:3000/_next/static/chunks/%5Broot-of-the-server%5D__1si8val._.css was preloaded using link preload but not used within a few seconds from the window's load event. Please make sure it has an appropriate `as` value and it is preloaded intentionally. @ http://localhost:3000/uk/movies/27205:0
[ 2065410ms] [WARNING] The resource http://localhost:3000/_next/static/chunks/%5Broot-of-the-server%5D__1si8val._.css was preloaded using link preload but not used within a few seconds from the window's load event. Please make sure it has an appropriate `as` value and it is preloaded intentionally. @ http://localhost:3000/uk/movies/27205:0
[ 2066039ms] [LOG] [Fast Refresh] rebuilding @ http://localhost:3000/_next/static/chunks/node_modules_next_dist_1e8vcs8._.js:776
[ 2066938ms] [LOG] [Fast Refresh] done in 895ms @ http://localhost:3000/_next/static/chunks/node_modules_next_dist_1e8vcs8._.js:776
[ 2067376ms] [LOG] [Fast Refresh] done in 895ms @ http://localhost:3000/_next/static/chunks/node_modules_next_dist_1e8vcs8._.js:776
[ 2070529ms] [WARNING] The resource http://localhost:3000/_next/static/chunks/%5Broot-of-the-server%5D__1si8val._.css was preloaded using link preload but not used within a few seconds from the window's load event. Please make sure it has an appropriate `as` value and it is preloaded intentionally. @ http://localhost:3000/uk/movies/27205:0
[ 2075126ms] [WARNING] The resource http://localhost:3000/_next/static/chunks/%5Broot-of-the-server%5D__1si8val._.css was preloaded using link preload but not used within a few seconds from the window's load event. Please make sure it has an appropriate `as` value and it is preloaded intentionally. @ http://localhost:3000/uk/movies/27205:0
[ 2075483ms] [LOG] [Fast Refresh] rebuilding @ http://localhost:3000/_next/static/chunks/node_modules_next_dist_1e8vcs8._.js:776
[ 2075914ms] [LOG] [Fast Refresh] done in 467ms @ http://localhost:3000/_next/static/chunks/node_modules_next_dist_1e8vcs8._.js:776
[ 2075952ms] [LOG] [Fast Refresh] done in 467ms @ http://localhost:3000/_next/static/chunks/node_modules_next_dist_1e8vcs8._.js:776
[ 2076220ms] [LOG] [Fast Refresh] done in 467ms @ http://localhost:3000/_next/static/chunks/node_modules_next_dist_1e8vcs8._.js:776
[ 2079230ms] [WARNING] The resource http://localhost:3000/_next/static/chunks/%5Broot-of-the-server%5D__1si8val._.css was preloaded using link preload but not used within a few seconds from the window's load event. Please make sure it has an appropriate `as` value and it is preloaded intentionally. @ http://localhost:3000/uk/movies/27205:0
[ 2084561ms] [WARNING] The resource http://localhost:3000/_next/static/chunks/%5Broot-of-the-server%5D__1si8val._.css was preloaded using link preload but not used within a few seconds from the window's load event. Please make sure it has an appropriate `as` value and it is preloaded intentionally. @ http://localhost:3000/uk/movies/27205:0
[ 2089640ms] [LOG] [Fast Refresh] rebuilding @ http://localhost:3000/_next/static/chunks/node_modules_next_dist_1e8vcs8._.js:776
[ 2089900ms] [LOG] [Fast Refresh] done in 317ms @ http://localhost:3000/_next/static/chunks/node_modules_next_dist_1e8vcs8._.js:776
[ 2089942ms] [LOG] [Fast Refresh] done in 317ms @ http://localhost:3000/_next/static/chunks/node_modules_next_dist_1e8vcs8._.js:776
[ 2090138ms] [LOG] [Fast Refresh] done in 317ms @ http://localhost:3000/_next/static/chunks/node_modules_next_dist_1e8vcs8._.js:776
[ 2094686ms] [WARNING] The resource http://localhost:3000/_next/static/chunks/%5Broot-of-the-server%5D__1si8val._.css was preloaded using link preload but not used within a few seconds from the window's load event. Please make sure it has an appropriate `as` value and it is preloaded intentionally. @ http://localhost:3000/uk/movies/27205:0
[ 2099609ms] [WARNING] The resource http://localhost:3000/_next/static/chunks/%5Broot-of-the-server%5D__1si8val._.css was preloaded using link preload but not used within a few seconds from the window's load event. Please make sure it has an appropriate `as` value and it is preloaded intentionally. @ http://localhost:3000/uk/movies/27205:0
[ 2101937ms] [LOG] [Fast Refresh] rebuilding @ http://localhost:3000/_next/static/chunks/node_modules_next_dist_1e8vcs8._.js:776
[ 2102518ms] [LOG] [Fast Refresh] done in 651ms @ http://localhost:3000/_next/static/chunks/node_modules_next_dist_1e8vcs8._.js:776
[ 2102577ms] [LOG] [Fast Refresh] done in 651ms @ http://localhost:3000/_next/static/chunks/node_modules_next_dist_1e8vcs8._.js:776
[ 2102637ms] [LOG] [Fast Refresh] done in 651ms @ http://localhost:3000/_next/static/chunks/node_modules_next_dist_1e8vcs8._.js:776
[ 2107362ms] [LOG] [Fast Refresh] rebuilding @ http://localhost:3000/_next/static/chunks/node_modules_next_dist_1e8vcs8._.js:776
[ 2108048ms] [LOG] [Fast Refresh] done in 770ms @ http://localhost:3000/_next/static/chunks/node_modules_next_dist_1e8vcs8._.js:776
[ 2108132ms] [LOG] [Fast Refresh] done in 770ms @ http://localhost:3000/_next/static/chunks/node_modules_next_dist_1e8vcs8._.js:776
[ 2108188ms] [LOG] [Fast Refresh] done in 770ms @ http://localhost:3000/_next/static/chunks/node_modules_next_dist_1e8vcs8._.js:776
[ 2114780ms] [WARNING] The resource http://localhost:3000/_next/static/chunks/%5Broot-of-the-server%5D__1si8val._.css was preloaded using link preload but not used within a few seconds from the window's load event. Please make sure it has an appropriate `as` value and it is preloaded intentionally. @ http://localhost:3000/uk/movies/27205:0
[ 2118913ms] [LOG] [Fast Refresh] rebuilding @ http://localhost:3000/_next/static/chunks/node_modules_next_dist_1e8vcs8._.js:776
[ 2119220ms] [LOG] [Fast Refresh] done in 359ms @ http://localhost:3000/_next/static/chunks/node_modules_next_dist_1e8vcs8._.js:776
[ 2119254ms] [LOG] [Fast Refresh] done in 359ms @ http://localhost:3000/_next/static/chunks/node_modules_next_dist_1e8vcs8._.js:776
[ 2119432ms] [LOG] [Fast Refresh] done in 359ms @ http://localhost:3000/_next/static/chunks/node_modules_next_dist_1e8vcs8._.js:776
[ 2124576ms] [WARNING] The resource http://localhost:3000/_next/static/chunks/%5Broot-of-the-server%5D__1si8val._.css was preloaded using link preload but not used within a few seconds from the window's load event. Please make sure it has an appropriate `as` value and it is preloaded intentionally. @ http://localhost:3000/uk/movies/27205:0
[ 2128174ms] [LOG] [Fast Refresh] rebuilding @ http://localhost:3000/_next/static/chunks/node_modules_next_dist_1e8vcs8._.js:776
[ 2129165ms] [LOG] [Fast Refresh] done in 1004ms @ http://localhost:3000/_next/static/chunks/node_modules_next_dist_1e8vcs8._.js:776
[ 2129276ms] [LOG] [Fast Refresh] done in 1004ms @ http://localhost:3000/_next/static/chunks/node_modules_next_dist_1e8vcs8._.js:776
[ 2129527ms] [LOG] [Fast Refresh] done in 1004ms @ http://localhost:3000/_next/static/chunks/node_modules_next_dist_1e8vcs8._.js:776
[ 2134107ms] [WARNING] The resource http://localhost:3000/_next/static/chunks/%5Broot-of-the-server%5D__1si8val._.css was preloaded using link preload but not used within a few seconds from the window's load event. Please make sure it has an appropriate `as` value and it is preloaded intentionally. @ http://localhost:3000/uk/movies/27205:0
[ 2139533ms] [WARNING] The resource http://localhost:3000/_next/static/chunks/%5Broot-of-the-server%5D__1si8val._.css was preloaded using link preload but not used within a few seconds from the window's load event. Please make sure it has an appropriate `as` value and it is preloaded intentionally. @ http://localhost:3000/uk/movies/27205:0
[ 2144576ms] [WARNING] The resource http://localhost:3000/_next/static/chunks/%5Broot-of-the-server%5D__1si8val._.css was preloaded using link preload but not used within a few seconds from the window's load event. Please make sure it has an appropriate `as` value and it is preloaded intentionally. @ http://localhost:3000/uk/movies/27205:0
[ 2146652ms] [LOG] [Fast Refresh] done in 1004ms @ http://localhost:3000/_next/static/chunks/node_modules_next_dist_1e8vcs8._.js:776
[ 2146997ms] [INFO] %cDownload the React DevTools for a better development experience: https://react.dev/link/react-devtools font-weight:bold @ http://localhost:3000/_next/static/chunks/node_modules_next_dist_1e8vcs8._.js:776
[ 2147007ms] [LOG] [HMR] connected @ http://localhost:3000/_next/static/chunks/node_modules_next_dist_1e8vcs8._.js:776
[ 2149405ms] [INFO] %cDownload the React DevTools for a better development experience: https://react.dev/link/react-devtools font-weight:bold @ http://localhost:3000/_next/static/chunks/node_modules_next_dist_1e8vcs8._.js:776
[ 2149414ms] [LOG] [HMR] connected @ http://localhost:3000/_next/static/chunks/node_modules_next_dist_1e8vcs8._.js:776
[ 2152022ms] [INFO] %cDownload the React DevTools for a better development experience: https://react.dev/link/react-devtools font-weight:bold @ http://localhost:3000/_next/static/chunks/node_modules_next_dist_1e8vcs8._.js:776
[ 2152032ms] [LOG] [HMR] connected @ http://localhost:3000/_next/static/chunks/node_modules_next_dist_1e8vcs8._.js:776
[ 2155156ms] [INFO] %cDownload the React DevTools for a better development experience: https://react.dev/link/react-devtools font-weight:bold @ http://localhost:3000/_next/static/chunks/node_modules_next_dist_1e8vcs8._.js:776
[ 2155166ms] [LOG] [HMR] connected @ http://localhost:3000/_next/static/chunks/node_modules_next_dist_1e8vcs8._.js:776
[ 2158208ms] [INFO] %cDownload the React DevTools for a better development experience: https://react.dev/link/react-devtools font-weight:bold @ http://localhost:3000/_next/static/chunks/node_modules_next_dist_1e8vcs8._.js:776
[ 2158216ms] [LOG] [HMR] connected @ http://localhost:3000/_next/static/chunks/node_modules_next_dist_1e8vcs8._.js:776
[ 2161000ms] [INFO] %cDownload the React DevTools for a better development experience: https://react.dev/link/react-devtools font-weight:bold @ http://localhost:3000/_next/static/chunks/node_modules_next_dist_1e8vcs8._.js:776
[ 2161010ms] [LOG] [HMR] connected @ http://localhost:3000/_next/static/chunks/node_modules_next_dist_1e8vcs8._.js:776
[ 2164672ms] [WARNING] The resource http://localhost:3000/_next/static/chunks/%5Broot-of-the-server%5D__1si8val._.css was preloaded using link preload but not used within a few seconds from the window's load event. Please make sure it has an appropriate `as` value and it is preloaded intentionally. @ http://localhost:3000/movies/27205:0
[ 2171050ms] [WARNING] The resource http://localhost:3000/_next/static/chunks/%5Broot-of-the-server%5D__1si8val._.css was preloaded using link preload but not used within a few seconds from the window's load event. Please make sure it has an appropriate `as` value and it is preloaded intentionally. @ http://localhost:3000/movies/27205:0
[ 2174113ms] [INFO] %cDownload the React DevTools for a better development experience: https://react.dev/link/react-devtools font-weight:bold @ http://localhost:3000/_next/static/chunks/node_modules_next_dist_1e8vcs8._.js:776
[ 2174147ms] [LOG] [HMR] connected @ http://localhost:3000/_next/static/chunks/node_modules_next_dist_1e8vcs8._.js:776
[ 2177356ms] [WARNING] The resource http://localhost:3000/_next/static/chunks/%5Broot-of-the-server%5D__1si8val._.css was preloaded using link preload but not used within a few seconds from the window's load event. Please make sure it has an appropriate `as` value and it is preloaded intentionally. @ http://localhost:3000/uk/persons/6193:0
[ 2345844ms] [LOG] [Fast Refresh] rebuilding @ http://localhost:3000/_next/static/chunks/node_modules_next_dist_1e8vcs8._.js:776
[ 2346775ms] Error: No link element found for chunk /_next/static/chunks/%5Broot-of-the-server%5D__1si8val._.css
    at http://localhost:3000/_next/static/chunks/turbopack-_08bm286._.js:2417:28
    at new Promise (<anonymous>)
    at Object.reloadChunk (http://localhost:3000/_next/static/chunks/turbopack-_08bm286._.js:2406:20)
    at applyChunkListUpdate (http://localhost:3000/_next/static/chunks/turbopack-_08bm286._.js:1940:46)
    at applyUpdate (http://localhost:3000/_next/static/chunks/turbopack-_08bm286._.js:1914:13)
    at handleApply (http://localhost:3000/_next/static/chunks/turbopack-_08bm286._.js:1977:17)
    at triggerUpdate (http://localhost:3000/_next/static/chunks/%5Bturbopack%5D_browser_dev_hmr-client_hmr-client_ts_1mojsay._.js:456:9)
    at applyAggregatedUpdates (http://localhost:3000/_next/static/chunks/%5Bturbopack%5D_browser_dev_hmr-client_hmr-client_ts_1mojsay._.js:98:9)
    at http://localhost:3000/_next/static/chunks/%5Bturbopack%5D_browser_dev_hmr-client_hmr-client_ts_1mojsay._.js:32:21
    at processTurbopackMessage (http://localhost:3000/_next/static/chunks/node_modules_next_dist_client_0_90u2t._.js:16436:13)
    at processMessage (http://localhost:3000/_next/static/chunks/node_modules_next_dist_client_0_90u2t._.js:16051:17)
    at WebSocket.handleMessage (http://localhost:3000/_next/static/chunks/node_modules_next_dist_client_0_90u2t._.js:16384:52)
[ 2346775ms] Error: No link element found for chunk /_next/static/chunks/%5Broot-of-the-server%5D__14a601w._.css
    at http://localhost:3000/_next/static/chunks/turbopack-_08bm286._.js:2417:28
    at new Promise (<anonymous>)
    at Object.reloadChunk (http://localhost:3000/_next/static/chunks/turbopack-_08bm286._.js:2406:20)
    at applyChunkListUpdate (http://localhost:3000/_next/static/chunks/turbopack-_08bm286._.js:1940:46)
    at applyUpdate (http://localhost:3000/_next/static/chunks/turbopack-_08bm286._.js:1914:13)
    at handleApply (http://localhost:3000/_next/static/chunks/turbopack-_08bm286._.js:1977:17)
    at triggerUpdate (http://localhost:3000/_next/static/chunks/%5Bturbopack%5D_browser_dev_hmr-client_hmr-client_ts_1mojsay._.js:456:9)
    at applyAggregatedUpdates (http://localhost:3000/_next/static/chunks/%5Bturbopack%5D_browser_dev_hmr-client_hmr-client_ts_1mojsay._.js:98:9)
    at http://localhost:3000/_next/static/chunks/%5Bturbopack%5D_browser_dev_hmr-client_hmr-client_ts_1mojsay._.js:32:21
    at processTurbopackMessage (http://localhost:3000/_next/static/chunks/node_modules_next_dist_client_0_90u2t._.js:16436:13)
    at processMessage (http://localhost:3000/_next/static/chunks/node_modules_next_dist_client_0_90u2t._.js:16051:17)
    at WebSocket.handleMessage (http://localhost:3000/_next/static/chunks/node_modules_next_dist_client_0_90u2t._.js:16384:52)
[ 2347127ms] [LOG] [Fast Refresh] done in 1269ms @ http://localhost:3000/_next/static/chunks/node_modules_next_dist_1e8vcs8._.js:776
[ 2347437ms] [LOG] [Fast Refresh] done in 1269ms @ http://localhost:3000/_next/static/chunks/node_modules_next_dist_1e8vcs8._.js:776
[ 2350306ms] [WARNING] The resource http://localhost:3000/_next/static/chunks/%5Broot-of-the-server%5D__1si8val._.css was preloaded using link preload but not used within a few seconds from the window's load event. Please make sure it has an appropriate `as` value and it is preloaded intentionally. @ http://localhost:3000/uk/persons/6193:0
[ 2400490ms] [LOG] [Fast Refresh] rebuilding @ http://localhost:3000/_next/static/chunks/node_modules_next_dist_1e8vcs8._.js:776
[ 2402326ms] [LOG] [Fast Refresh] done in 1926ms @ http://localhost:3000/_next/static/chunks/node_modules_next_dist_1e8vcs8._.js:776
[ 2402407ms] [LOG] [Fast Refresh] done in 1926ms @ http://localhost:3000/_next/static/chunks/node_modules_next_dist_1e8vcs8._.js:776
[ 2402770ms] [LOG] [Fast Refresh] done in 1926ms @ http://localhost:3000/_next/static/chunks/node_modules_next_dist_1e8vcs8._.js:776
[ 2405941ms] [WARNING] The resource http://localhost:3000/_next/static/chunks/%5Broot-of-the-server%5D__1si8val._.css was preloaded using link preload but not used within a few seconds from the window's load event. Please make sure it has an appropriate `as` value and it is preloaded intentionally. @ http://localhost:3000/uk/persons/6193:0
[ 2412650ms] [LOG] [Fast Refresh] rebuilding @ http://localhost:3000/_next/static/chunks/node_modules_next_dist_1e8vcs8._.js:776
[ 2413106ms] [LOG] [Fast Refresh] done in 511ms @ http://localhost:3000/_next/static/chunks/node_modules_next_dist_1e8vcs8._.js:776
[ 2413154ms] [LOG] [Fast Refresh] done in 511ms @ http://localhost:3000/_next/static/chunks/node_modules_next_dist_1e8vcs8._.js:776
[ 2413312ms] [LOG] [Fast Refresh] done in 511ms @ http://localhost:3000/_next/static/chunks/node_modules_next_dist_1e8vcs8._.js:776
[ 2416223ms] [WARNING] The resource http://localhost:3000/_next/static/chunks/%5Broot-of-the-server%5D__1si8val._.css was preloaded using link preload but not used within a few seconds from the window's load event. Please make sure it has an appropriate `as` value and it is preloaded intentionally. @ http://localhost:3000/uk/persons/6193:0
[ 2419891ms] [LOG] [Fast Refresh] rebuilding @ http://localhost:3000/_next/static/chunks/node_modules_next_dist_1e8vcs8._.js:776
[ 2420442ms] [LOG] [Fast Refresh] done in 578ms @ http://localhost:3000/_next/static/chunks/node_modules_next_dist_1e8vcs8._.js:776
[ 2420483ms] [LOG] [Fast Refresh] done in 578ms @ http://localhost:3000/_next/static/chunks/node_modules_next_dist_1e8vcs8._.js:776
[ 2420729ms] [LOG] [Fast Refresh] done in 578ms @ http://localhost:3000/_next/static/chunks/node_modules_next_dist_1e8vcs8._.js:776
[ 2423870ms] [WARNING] The resource http://localhost:3000/_next/static/chunks/%5Broot-of-the-server%5D__1si8val._.css was preloaded using link preload but not used within a few seconds from the window's load event. Please make sure it has an appropriate `as` value and it is preloaded intentionally. @ http://localhost:3000/uk/persons/6193:0
[ 2451311ms] [LOG] [Fast Refresh] rebuilding @ http://localhost:3000/_next/static/chunks/node_modules_next_dist_1e8vcs8._.js:776
[ 2452092ms] [LOG] [Fast Refresh] done in 801ms @ http://localhost:3000/_next/static/chunks/node_modules_next_dist_1e8vcs8._.js:776
[ 2452220ms] [LOG] [Fast Refresh] done in 801ms @ http://localhost:3000/_next/static/chunks/node_modules_next_dist_1e8vcs8._.js:776
[ 2452583ms] [LOG] [Fast Refresh] done in 801ms @ http://localhost:3000/_next/static/chunks/node_modules_next_dist_1e8vcs8._.js:776
[ 2455631ms] [WARNING] The resource http://localhost:3000/_next/static/chunks/%5Broot-of-the-server%5D__1si8val._.css was preloaded using link preload but not used within a few seconds from the window's load event. Please make sure it has an appropriate `as` value and it is preloaded intentionally. @ http://localhost:3000/uk/persons/6193:0
[ 2464018ms] [LOG] [Fast Refresh] rebuilding @ http://localhost:3000/_next/static/chunks/node_modules_next_dist_1e8vcs8._.js:776
[ 2464299ms] [LOG] [Fast Refresh] done in 382ms @ http://localhost:3000/_next/static/chunks/node_modules_next_dist_1e8vcs8._.js:776
[ 2467120ms] [WARNING] The resource http://localhost:3000/_next/static/chunks/%5Broot-of-the-server%5D__1si8val._.css was preloaded using link preload but not used within a few seconds from the window's load event. Please make sure it has an appropriate `as` value and it is preloaded intentionally. @ http://localhost:3000/uk/persons/6193:0
[ 2490144ms] [LOG] [Fast Refresh] rebuilding @ http://localhost:3000/_next/static/chunks/node_modules_next_dist_1e8vcs8._.js:776
[ 2490477ms] [LOG] [Fast Refresh] done in 387ms @ http://localhost:3000/_next/static/chunks/node_modules_next_dist_1e8vcs8._.js:776
[ 2490569ms] [LOG] [Fast Refresh] done in 387ms @ http://localhost:3000/_next/static/chunks/node_modules_next_dist_1e8vcs8._.js:776
[ 2491024ms] [INFO] %cDownload the React DevTools for a better development experience: https://react.dev/link/react-devtools font-weight:bold @ http://localhost:3000/_next/static/chunks/node_modules_next_dist_1e8vcs8._.js:776
[ 2491075ms] [LOG] [HMR] connected @ http://localhost:3000/_next/static/chunks/node_modules_next_dist_1e8vcs8._.js:776
[ 2492733ms] [WARNING] Detected `scroll-behavior: smooth` on the `<html>` element. To disable smooth scrolling during route transitions, add `data-scroll-behavior="smooth"` to your <html> element. Learn more: https://nextjs.org/docs/messages/missing-data-scroll-behavior @ http://localhost:3000/_next/static/chunks/node_modules_next_dist_1e8vcs8._.js:776
[ 2493181ms] [INFO] %cDownload the React DevTools for a better development experience: https://react.dev/link/react-devtools font-weight:bold @ http://localhost:3000/_next/static/chunks/node_modules_next_dist_1e8vcs8._.js:776
[ 2493189ms] [LOG] [HMR] connected @ http://localhost:3000/_next/static/chunks/node_modules_next_dist_1e8vcs8._.js:776
[ 2495027ms] [INFO] %cDownload the React DevTools for a better development experience: https://react.dev/link/react-devtools font-weight:bold @ http://localhost:3000/_next/static/chunks/node_modules_next_dist_1e8vcs8._.js:776
[ 2495037ms] [LOG] [HMR] connected @ http://localhost:3000/_next/static/chunks/node_modules_next_dist_1e8vcs8._.js:776
[ 2496247ms] [INFO] %cDownload the React DevTools for a better development experience: https://react.dev/link/react-devtools font-weight:bold @ http://localhost:3000/_next/static/chunks/node_modules_next_dist_1e8vcs8._.js:776
[ 2496308ms] [LOG] [HMR] connected @ http://localhost:3000/_next/static/chunks/node_modules_next_dist_1e8vcs8._.js:776
[ 2516165ms] [INFO] %cDownload the React DevTools for a better development experience: https://react.dev/link/react-devtools font-weight:bold @ http://localhost:3000/_next/static/chunks/node_modules_next_dist_1e8vcs8._.js:776
[ 2516202ms] [LOG] [HMR] connected @ http://localhost:3000/_next/static/chunks/node_modules_next_dist_1e8vcs8._.js:776
[ 2523369ms] [WARNING] The resource http://localhost:3000/_next/static/chunks/%5Broot-of-the-server%5D__1si8val._.css was preloaded using link preload but not used within a few seconds from the window's load event. Please make sure it has an appropriate `as` value and it is preloaded intentionally. @ http://localhost:3000/uk/movies/550:0
[ 2539080ms] [LOG] [Fast Refresh] rebuilding @ http://localhost:3000/_next/static/chunks/node_modules_next_dist_1e8vcs8._.js:776
[ 2540687ms] [LOG] [Fast Refresh] done in 1692ms @ http://localhost:3000/_next/static/chunks/node_modules_next_dist_1e8vcs8._.js:776
[ 2540692ms] [LOG] [Fast Refresh] done in 1692ms @ http://localhost:3000/_next/static/chunks/node_modules_next_dist_1e8vcs8._.js:776
[ 2540743ms] [LOG] [Fast Refresh] done in 1692ms @ http://localhost:3000/_next/static/chunks/node_modules_next_dist_1e8vcs8._.js:776
[ 2544166ms] [WARNING] The resource http://localhost:3000/_next/static/chunks/%5Broot-of-the-server%5D__1si8val._.css was preloaded using link preload but not used within a few seconds from the window's load event. Please make sure it has an appropriate `as` value and it is preloaded intentionally. @ http://localhost:3000/uk/movies/550:0
[ 2551676ms] [LOG] [Fast Refresh] done in 1692ms @ http://localhost:3000/_next/static/chunks/node_modules_next_dist_1e8vcs8._.js:776
[ 2551997ms] [INFO] %cDownload the React DevTools for a better development experience: https://react.dev/link/react-devtools font-weight:bold @ http://localhost:3000/_next/static/chunks/node_modules_next_dist_1e8vcs8._.js:776
[ 2552017ms] [LOG] [HMR] connected @ http://localhost:3000/_next/static/chunks/node_modules_next_dist_1e8vcs8._.js:776
[ 2559154ms] [WARNING] The resource http://localhost:3000/_next/static/chunks/%5Broot-of-the-server%5D__1si8val._.css was preloaded using link preload but not used within a few seconds from the window's load event. Please make sure it has an appropriate `as` value and it is preloaded intentionally. @ http://localhost:3000/uk/movies/550:0
[ 2564278ms] [INFO] %cDownload the React DevTools for a better development experience: https://react.dev/link/react-devtools font-weight:bold @ http://localhost:3000/_next/static/chunks/node_modules_next_dist_1e8vcs8._.js:776
[ 2564303ms] [LOG] [HMR] connected @ http://localhost:3000/_next/static/chunks/node_modules_next_dist_1e8vcs8._.js:776
[ 2571815ms] [INFO] %cDownload the React DevTools for a better development experience: https://react.dev/link/react-devtools font-weight:bold @ http://localhost:3000/_next/static/chunks/node_modules_next_dist_1e8vcs8._.js:776
[ 2571826ms] [LOG] [HMR] connected @ http://localhost:3000/_next/static/chunks/node_modules_next_dist_1e8vcs8._.js:776
[ 2574922ms] [WARNING] The resource http://localhost:3000/_next/static/chunks/%5Broot-of-the-server%5D__1si8val._.css was preloaded using link preload but not used within a few seconds from the window's load event. Please make sure it has an appropriate `as` value and it is preloaded intentionally. @ http://localhost:3000/uk/search?query=matrix:0
[ 2575137ms] [WARNING] Detected `scroll-behavior: smooth` on the `<html>` element. To disable smooth scrolling during route transitions, add `data-scroll-behavior="smooth"` to your <html> element. Learn more: https://nextjs.org/docs/messages/missing-data-scroll-behavior @ http://localhost:3000/_next/static/chunks/node_modules_next_dist_1e8vcs8._.js:776
[ 2579425ms] [WARNING] The resource http://localhost:3000/_next/static/chunks/%5Broot-of-the-server%5D__1si8val._.css was preloaded using link preload but not used within a few seconds from the window's load event. Please make sure it has an appropriate `as` value and it is preloaded intentionally. @ http://localhost:3000/uk/search/page/1?adult=true&query=matrix:0
[ 2685978ms] [LOG] [Fast Refresh] rebuilding @ http://localhost:3000/_next/static/chunks/node_modules_next_dist_1e8vcs8._.js:776
[ 2686320ms] [LOG] [Fast Refresh] done in 442ms @ http://localhost:3000/_next/static/chunks/node_modules_next_dist_1e8vcs8._.js:776
[ 2689081ms] [WARNING] The resource http://localhost:3000/_next/static/chunks/%5Broot-of-the-server%5D__1si8val._.css was preloaded using link preload but not used within a few seconds from the window's load event. Please make sure it has an appropriate `as` value and it is preloaded intentionally. @ http://localhost:3000/uk/search/page/1?adult=true&query=matrix:0
[ 3245675ms] [LOG] [Fast Refresh] rebuilding @ http://localhost:3000/_next/static/chunks/node_modules_next_dist_1e8vcs8._.js:776
[ 3248110ms] [LOG] [HMR] connected @ http://localhost:3000/_next/static/chunks/node_modules_next_dist_1e8vcs8._.js:776
[ 3250510ms] [INFO] %cDownload the React DevTools for a better development experience: https://react.dev/link/react-devtools font-weight:bold @ http://localhost:3000/_next/static/chunks/node_modules_next_dist_1e8vcs8._.js:776
[ 3250577ms] [LOG] [HMR] connected @ http://localhost:3000/_next/static/chunks/node_modules_next_dist_1e8vcs8._.js:776
[ 3253932ms] [WARNING] The resource http://localhost:3000/_next/static/chunks/%5Broot-of-the-server%5D__1si8val._.css was preloaded using link preload but not used within a few seconds from the window's load event. Please make sure it has an appropriate `as` value and it is preloaded intentionally. @ http://localhost:3000/uk/search/page/1?adult=true&query=matrix:0
[ 3281146ms] [LOG] [Fast Refresh] rebuilding @ http://localhost:3000/_next/static/chunks/node_modules_next_dist_1e8vcs8._.js:776
[ 3281543ms] [LOG] [Fast Refresh] done in 448ms @ http://localhost:3000/_next/static/chunks/node_modules_next_dist_1e8vcs8._.js:776
[ 3281576ms] [LOG] [Fast Refresh] done in 448ms @ http://localhost:3000/_next/static/chunks/node_modules_next_dist_1e8vcs8._.js:776
[ 3284649ms] [WARNING] The resource http://localhost:3000/_next/static/chunks/%5Broot-of-the-server%5D__1si8val._.css was preloaded using link preload but not used within a few seconds from the window's load event. Please make sure it has an appropriate `as` value and it is preloaded intentionally. @ http://localhost:3000/uk/search/page/1?adult=true&query=matrix:0
[ 3294175ms] [LOG] [Fast Refresh] rebuilding @ http://localhost:3000/_next/static/chunks/node_modules_next_dist_1e8vcs8._.js:776
[ 3294985ms] [LOG] [Fast Refresh] done in 875ms @ http://localhost:3000/_next/static/chunks/node_modules_next_dist_1e8vcs8._.js:776
[ 3295063ms] [LOG] [Fast Refresh] done in 875ms @ http://localhost:3000/_next/static/chunks/node_modules_next_dist_1e8vcs8._.js:776
[ 3298401ms] [WARNING] The resource http://localhost:3000/_next/static/chunks/%5Broot-of-the-server%5D__1si8val._.css was preloaded using link preload but not used within a few seconds from the window's load event. Please make sure it has an appropriate `as` value and it is preloaded intentionally. @ http://localhost:3000/uk/search/page/1?adult=true&query=matrix:0
[ 3309119ms] [LOG] [Fast Refresh] rebuilding @ http://localhost:3000/_next/static/chunks/node_modules_next_dist_1e8vcs8._.js:776
[ 3309507ms] [LOG] [Fast Refresh] done in 424ms @ http://localhost:3000/_next/static/chunks/node_modules_next_dist_1e8vcs8._.js:776
[ 3309552ms] [LOG] [Fast Refresh] done in 424ms @ http://localhost:3000/_next/static/chunks/node_modules_next_dist_1e8vcs8._.js:776
[ 3312876ms] [WARNING] The resource http://localhost:3000/_next/static/chunks/%5Broot-of-the-server%5D__1si8val._.css was preloaded using link preload but not used within a few seconds from the window's load event. Please make sure it has an appropriate `as` value and it is preloaded intentionally. @ http://localhost:3000/uk/search/page/1?adult=true&query=matrix:0
[ 3320671ms] [LOG] [Fast Refresh] done in 424ms @ http://localhost:3000/_next/static/chunks/node_modules_next_dist_1e8vcs8._.js:776
[ 3331114ms] [LOG] [Fast Refresh] done in 424ms @ http://localhost:3000/_next/static/chunks/node_modules_next_dist_1e8vcs8._.js:776
[ 3331423ms] [LOG] [Fast Refresh] done in 424ms @ http://localhost:3000/_next/static/chunks/node_modules_next_dist_1e8vcs8._.js:776
[ 3332329ms] [LOG] [Fast Refresh] done in 424ms @ http://localhost:3000/_next/static/chunks/node_modules_next_dist_1e8vcs8._.js:776
[ 3332643ms] [LOG] [Fast Refresh] done in 424ms @ http://localhost:3000/_next/static/chunks/node_modules_next_dist_1e8vcs8._.js:776
[ 3333489ms] [LOG] [Fast Refresh] done in 424ms @ http://localhost:3000/_next/static/chunks/node_modules_next_dist_1e8vcs8._.js:776
[ 3337760ms] [WARNING] The resource http://localhost:3100/_next/static/chunks/2rphgzminn5i9.css was preloaded using link preload but not used within a few seconds from the window's load event. Please make sure it has an appropriate `as` value and it is preloaded intentionally. @ http://localhost:3100/uk/movies:0
[ 3348295ms] [WARNING] The resource http://localhost:3100/_next/static/chunks/2rphgzminn5i9.css was preloaded using link preload but not used within a few seconds from the window's load event. Please make sure it has an appropriate `as` value and it is preloaded intentionally. @ http://localhost:3100/uk/movies/550:0
[ 3353512ms] [WARNING] The resource http://localhost:3100/_next/static/chunks/2rphgzminn5i9.css was preloaded using link preload but not used within a few seconds from the window's load event. Please make sure it has an appropriate `as` value and it is preloaded intentionally. @ http://localhost:3100/uk/movies/550:0
[ 3357985ms] [WARNING] The resource http://localhost:3100/_next/static/chunks/2rphgzminn5i9.css was preloaded using link preload but not used within a few seconds from the window's load event. Please make sure it has an appropriate `as` value and it is preloaded intentionally. @ http://localhost:3100/uk/movies/550:0
[ 3362999ms] [WARNING] The resource http://localhost:3100/_next/static/chunks/2rphgzminn5i9.css was preloaded using link preload but not used within a few seconds from the window's load event. Please make sure it has an appropriate `as` value and it is preloaded intentionally. @ http://localhost:3100/uk/movies/550:0
[ 3366977ms] [WARNING] The resource http://localhost:3100/_next/static/chunks/2rphgzminn5i9.css was preloaded using link preload but not used within a few seconds from the window's load event. Please make sure it has an appropriate `as` value and it is preloaded intentionally. @ http://localhost:3100/uk/movies/550:0
[ 3372143ms] [WARNING] The resource http://localhost:3100/_next/static/chunks/2rphgzminn5i9.css was preloaded using link preload but not used within a few seconds from the window's load event. Please make sure it has an appropriate `as` value and it is preloaded intentionally. @ http://localhost:3100/uk/movies/550:0
[ 3377061ms] [WARNING] The resource http://localhost:3100/_next/static/chunks/2rphgzminn5i9.css was preloaded using link preload but not used within a few seconds from the window's load event. Please make sure it has an appropriate `as` value and it is preloaded intentionally. @ http://localhost:3100/uk/movies/550:0
[ 3381993ms] [WARNING] The resource http://localhost:3100/_next/static/chunks/2rphgzminn5i9.css was preloaded using link preload but not used within a few seconds from the window's load event. Please make sure it has an appropriate `as` value and it is preloaded intentionally. @ http://localhost:3100/uk/movies/550:0
[ 3386153ms] [WARNING] The resource http://localhost:3100/_next/static/chunks/2rphgzminn5i9.css was preloaded using link preload but not used within a few seconds from the window's load event. Please make sure it has an appropriate `as` value and it is preloaded intentionally. @ http://localhost:3100/uk/movies/550:0
[ 3391141ms] [WARNING] The resource http://localhost:3100/_next/static/chunks/2rphgzminn5i9.css was preloaded using link preload but not used within a few seconds from the window's load event. Please make sure it has an appropriate `as` value and it is preloaded intentionally. @ http://localhost:3100/uk/movies/550:0
[ 3396402ms] [WARNING] The resource http://localhost:3100/_next/static/chunks/2rphgzminn5i9.css was preloaded using link preload but not used within a few seconds from the window's load event. Please make sure it has an appropriate `as` value and it is preloaded intentionally. @ http://localhost:3100/uk/movies/550:0
[ 3406020ms] [WARNING] The resource http://localhost:3100/_next/static/chunks/2rphgzminn5i9.css was preloaded using link preload but not used within a few seconds from the window's load event. Please make sure it has an appropriate `as` value and it is preloaded intentionally. @ http://localhost:3100/uk/movies/550:0
[ 3411105ms] [WARNING] The resource http://localhost:3100/_next/static/chunks/2rphgzminn5i9.css was preloaded using link preload but not used within a few seconds from the window's load event. Please make sure it has an appropriate `as` value and it is preloaded intentionally. @ http://localhost:3100/uk/movies/550:0
[ 3416292ms] [WARNING] The resource http://localhost:3100/_next/static/chunks/2rphgzminn5i9.css was preloaded using link preload but not used within a few seconds from the window's load event. Please make sure it has an appropriate `as` value and it is preloaded intentionally. @ http://localhost:3100/uk/movies/550:0
[ 3420128ms] [WARNING] The resource http://localhost:3100/_next/static/chunks/2rphgzminn5i9.css was preloaded using link preload but not used within a few seconds from the window's load event. Please make sure it has an appropriate `as` value and it is preloaded intentionally. @ http://localhost:3100/uk/movies/550:0
[ 3425287ms] [WARNING] The resource http://localhost:3100/_next/static/chunks/2rphgzminn5i9.css was preloaded using link preload but not used within a few seconds from the window's load event. Please make sure it has an appropriate `as` value and it is preloaded intentionally. @ http://localhost:3100/uk/movies/550:0
[ 3430142ms] [WARNING] The resource http://localhost:3100/_next/static/chunks/2rphgzminn5i9.css was preloaded using link preload but not used within a few seconds from the window's load event. Please make sure it has an appropriate `as` value and it is preloaded intentionally. @ http://localhost:3100/uk/movies/550:0
[ 3435430ms] [WARNING] The resource http://localhost:3100/_next/static/chunks/2rphgzminn5i9.css was preloaded using link preload but not used within a few seconds from the window's load event. Please make sure it has an appropriate `as` value and it is preloaded intentionally. @ http://localhost:3100/uk/movies/550:0
[ 3439744ms] [WARNING] The resource http://localhost:3100/_next/static/chunks/2rphgzminn5i9.css was preloaded using link preload but not used within a few seconds from the window's load event. Please make sure it has an appropriate `as` value and it is preloaded intentionally. @ http://localhost:3100/uk/movies/550:0
[ 3445272ms] [WARNING] The resource http://localhost:3100/_next/static/chunks/2rphgzminn5i9.css was preloaded using link preload but not used within a few seconds from the window's load event. Please make sure it has an appropriate `as` value and it is preloaded intentionally. @ http://localhost:3100/uk/movies/550:0
[ 3450385ms] [WARNING] The resource http://localhost:3100/_next/static/chunks/2rphgzminn5i9.css was preloaded using link preload but not used within a few seconds from the window's load event. Please make sure it has an appropriate `as` value and it is preloaded intentionally. @ http://localhost:3100/uk/movies/550:0
[ 3455300ms] [WARNING] The resource http://localhost:3100/_next/static/chunks/2rphgzminn5i9.css was preloaded using link preload but not used within a few seconds from the window's load event. Please make sure it has an appropriate `as` value and it is preloaded intentionally. @ http://localhost:3100/uk/movies/550:0
[ 3459338ms] [WARNING] The resource http://localhost:3100/_next/static/chunks/2rphgzminn5i9.css was preloaded using link preload but not used within a few seconds from the window's load event. Please make sure it has an appropriate `as` value and it is preloaded intentionally. @ http://localhost:3100/uk/movies/550:0
[ 3467240ms] [WARNING] The resource http://localhost:3100/_next/static/chunks/2rphgzminn5i9.css was preloaded using link preload but not used within a few seconds from the window's load event. Please make sure it has an appropriate `as` value and it is preloaded intentionally. @ http://localhost:3100/uk/movies/550:0
[ 3470939ms] [WARNING] The resource http://localhost:3100/_next/static/chunks/2rphgzminn5i9.css was preloaded using link preload but not used within a few seconds from the window's load event. Please make sure it has an appropriate `as` value and it is preloaded intentionally. @ http://localhost:3100/uk/movies/550:0
[ 3476478ms] [WARNING] The resource http://localhost:3100/_next/static/chunks/2rphgzminn5i9.css was preloaded using link preload but not used within a few seconds from the window's load event. Please make sure it has an appropriate `as` value and it is preloaded intentionally. @ http://localhost:3100/uk/movies/550:0
[ 3480355ms] [WARNING] The resource http://localhost:3100/_next/static/chunks/2rphgzminn5i9.css was preloaded using link preload but not used within a few seconds from the window's load event. Please make sure it has an appropriate `as` value and it is preloaded intentionally. @ http://localhost:3100/uk/movies/550:0
[ 3485285ms] [WARNING] The resource http://localhost:3100/_next/static/chunks/2rphgzminn5i9.css was preloaded using link preload but not used within a few seconds from the window's load event. Please make sure it has an appropriate `as` value and it is preloaded intentionally. @ http://localhost:3100/uk/movies/550:0
[ 3490286ms] [WARNING] The resource http://localhost:3100/_next/static/chunks/2rphgzminn5i9.css was preloaded using link preload but not used within a few seconds from the window's load event. Please make sure it has an appropriate `as` value and it is preloaded intentionally. @ http://localhost:3100/uk/movies/550:0
[ 3500428ms] [WARNING] The resource http://localhost:3100/_next/static/chunks/2rphgzminn5i9.css was preloaded using link preload but not used within a few seconds from the window's load event. Please make sure it has an appropriate `as` value and it is preloaded intentionally. @ http://localhost:3100/uk/movies/550:0
[ 3505174ms] [WARNING] The resource http://localhost:3100/_next/static/chunks/2rphgzminn5i9.css was preloaded using link preload but not used within a few seconds from the window's load event. Please make sure it has an appropriate `as` value and it is preloaded intentionally. @ http://localhost:3100/uk/movies/550:0
[ 3510168ms] [WARNING] The resource http://localhost:3100/_next/static/chunks/2rphgzminn5i9.css was preloaded using link preload but not used within a few seconds from the window's load event. Please make sure it has an appropriate `as` value and it is preloaded intentionally. @ http://localhost:3100/uk/movies/550:0
[ 3515547ms] [WARNING] The resource http://localhost:3100/_next/static/chunks/2rphgzminn5i9.css was preloaded using link preload but not used within a few seconds from the window's load event. Please make sure it has an appropriate `as` value and it is preloaded intentionally. @ http://localhost:3100/uk/movies/550:0
[ 3520409ms] [WARNING] The resource http://localhost:3100/_next/static/chunks/2rphgzminn5i9.css was preloaded using link preload but not used within a few seconds from the window's load event. Please make sure it has an appropriate `as` value and it is preloaded intentionally. @ http://localhost:3100/uk/movies/550:0
[ 3525408ms] [WARNING] The resource http://localhost:3100/_next/static/chunks/2rphgzminn5i9.css was preloaded using link preload but not used within a few seconds from the window's load event. Please make sure it has an appropriate `as` value and it is preloaded intentionally. @ http://localhost:3100/uk/movies/550:0
[ 3529874ms] [WARNING] The resource http://localhost:3100/_next/static/chunks/2rphgzminn5i9.css was preloaded using link preload but not used within a few seconds from the window's load event. Please make sure it has an appropriate `as` value and it is preloaded intentionally. @ http://localhost:3100/uk/movies/550:0
[ 3535203ms] [WARNING] The resource http://localhost:3100/_next/static/chunks/2rphgzminn5i9.css was preloaded using link preload but not used within a few seconds from the window's load event. Please make sure it has an appropriate `as` value and it is preloaded intentionally. @ http://localhost:3100/uk/movies/550:0
[ 3540456ms] [WARNING] The resource http://localhost:3100/_next/static/chunks/2rphgzminn5i9.css was preloaded using link preload but not used within a few seconds from the window's load event. Please make sure it has an appropriate `as` value and it is preloaded intentionally. @ http://localhost:3100/uk/movies/550:0
[ 3545468ms] [WARNING] The resource http://localhost:3100/_next/static/chunks/2rphgzminn5i9.css was preloaded using link preload but not used within a few seconds from the window's load event. Please make sure it has an appropriate `as` value and it is preloaded intentionally. @ http://localhost:3100/uk/movies/550:0
[ 3549907ms] [WARNING] The resource http://localhost:3100/_next/static/chunks/2rphgzminn5i9.css was preloaded using link preload but not used within a few seconds from the window's load event. Please make sure it has an appropriate `as` value and it is preloaded intentionally. @ http://localhost:3100/uk/movies/550:0
[ 3554923ms] [WARNING] The resource http://localhost:3100/_next/static/chunks/2rphgzminn5i9.css was preloaded using link preload but not used within a few seconds from the window's load event. Please make sure it has an appropriate `as` value and it is preloaded intentionally. @ http://localhost:3100/uk/movies/550:0
[ 3560333ms] [WARNING] The resource http://localhost:3100/_next/static/chunks/2rphgzminn5i9.css was preloaded using link preload but not used within a few seconds from the window's load event. Please make sure it has an appropriate `as` value and it is preloaded intentionally. @ http://localhost:3100/uk/movies/550:0
[ 3565570ms] [WARNING] The resource http://localhost:3100/_next/static/chunks/2rphgzminn5i9.css was preloaded using link preload but not used within a few seconds from the window's load event. Please make sure it has an appropriate `as` value and it is preloaded intentionally. @ http://localhost:3100/uk/movies/550:0
[ 3570593ms] [WARNING] The resource http://localhost:3100/_next/static/chunks/2rphgzminn5i9.css was preloaded using link preload but not used within a few seconds from the window's load event. Please make sure it has an appropriate `as` value and it is preloaded intentionally. @ http://localhost:3100/uk/movies/550:0
[ 3575598ms] [WARNING] The resource http://localhost:3100/_next/static/chunks/2rphgzminn5i9.css was preloaded using link preload but not used within a few seconds from the window's load event. Please make sure it has an appropriate `as` value and it is preloaded intentionally. @ http://localhost:3100/uk/movies/550:0
[ 3580399ms] [WARNING] The resource http://localhost:3100/_next/static/chunks/2rphgzminn5i9.css was preloaded using link preload but not used within a few seconds from the window's load event. Please make sure it has an appropriate `as` value and it is preloaded intentionally. @ http://localhost:3100/uk/movies/550:0
[ 3585882ms] [WARNING] The resource http://localhost:3100/_next/static/chunks/2rphgzminn5i9.css was preloaded using link preload but not used within a few seconds from the window's load event. Please make sure it has an appropriate `as` value and it is preloaded intentionally. @ http://localhost:3100/uk/movies/550:0
[ 3590296ms] [WARNING] The resource http://localhost:3100/_next/static/chunks/2rphgzminn5i9.css was preloaded using link preload but not used within a few seconds from the window's load event. Please make sure it has an appropriate `as` value and it is preloaded intentionally. @ http://localhost:3100/uk/movies/550:0
[ 3595558ms] [WARNING] The resource http://localhost:3100/_next/static/chunks/2rphgzminn5i9.css was preloaded using link preload but not used within a few seconds from the window's load event. Please make sure it has an appropriate `as` value and it is preloaded intentionally. @ http://localhost:3100/uk/movies/550:0
[ 3599976ms] [WARNING] The resource http://localhost:3100/_next/static/chunks/2rphgzminn5i9.css was preloaded using link preload but not used within a few seconds from the window's load event. Please make sure it has an appropriate `as` value and it is preloaded intentionally. @ http://localhost:3100/uk/movies/550:0
[ 3605574ms] [WARNING] The resource http://localhost:3100/_next/static/chunks/2rphgzminn5i9.css was preloaded using link preload but not used within a few seconds from the window's load event. Please make sure it has an appropriate `as` value and it is preloaded intentionally. @ http://localhost:3100/uk/movies/550:0
[ 3610425ms] [WARNING] The resource http://localhost:3100/_next/static/chunks/2rphgzminn5i9.css was preloaded using link preload but not used within a few seconds from the window's load event. Please make sure it has an appropriate `as` value and it is preloaded intentionally. @ http://localhost:3100/uk/movies/550:0
[ 3615627ms] [WARNING] The resource http://localhost:3100/_next/static/chunks/2rphgzminn5i9.css was preloaded using link preload but not used within a few seconds from the window's load event. Please make sure it has an appropriate `as` value and it is preloaded intentionally. @ http://localhost:3100/uk/movies/550:0
[ 3620034ms] [WARNING] The resource http://localhost:3100/_next/static/chunks/2rphgzminn5i9.css was preloaded using link preload but not used within a few seconds from the window's load event. Please make sure it has an appropriate `as` value and it is preloaded intentionally. @ http://localhost:3100/uk/movies/550:0
[ 3625016ms] [WARNING] The resource http://localhost:3100/_next/static/chunks/2rphgzminn5i9.css was preloaded using link preload but not used within a few seconds from the window's load event. Please make sure it has an appropriate `as` value and it is preloaded intentionally. @ http://localhost:3100/uk/movies/550:0
[ 3630650ms] [WARNING] The resource http://localhost:3100/_next/static/chunks/2rphgzminn5i9.css was preloaded using link preload but not used within a few seconds from the window's load event. Please make sure it has an appropriate `as` value and it is preloaded intentionally. @ http://localhost:3100/uk/movies/550:0
[ 3635412ms] [WARNING] The resource http://localhost:3100/_next/static/chunks/2rphgzminn5i9.css was preloaded using link preload but not used within a few seconds from the window's load event. Please make sure it has an appropriate `as` value and it is preloaded intentionally. @ http://localhost:3100/uk/movies/550:0
[ 3640024ms] [WARNING] The resource http://localhost:3100/_next/static/chunks/2rphgzminn5i9.css was preloaded using link preload but not used within a few seconds from the window's load event. Please make sure it has an appropriate `as` value and it is preloaded intentionally. @ http://localhost:3100/uk/movies/550:0
[ 3645473ms] [WARNING] The resource http://localhost:3100/_next/static/chunks/2rphgzminn5i9.css was preloaded using link preload but not used within a few seconds from the window's load event. Please make sure it has an appropriate `as` value and it is preloaded intentionally. @ http://localhost:3100/uk/movies/550:0
[ 3650448ms] [WARNING] The resource http://localhost:3100/_next/static/chunks/2rphgzminn5i9.css was preloaded using link preload but not used within a few seconds from the window's load event. Please make sure it has an appropriate `as` value and it is preloaded intentionally. @ http://localhost:3100/uk/movies/550:0
[ 3655684ms] [WARNING] The resource http://localhost:3100/_next/static/chunks/2rphgzminn5i9.css was preloaded using link preload but not used within a few seconds from the window's load event. Please make sure it has an appropriate `as` value and it is preloaded intentionally. @ http://localhost:3100/uk/movies/550:0
[ 3660378ms] [WARNING] The resource http://localhost:3100/_next/static/chunks/2rphgzminn5i9.css was preloaded using link preload but not used within a few seconds from the window's load event. Please make sure it has an appropriate `as` value and it is preloaded intentionally. @ http://localhost:3100/uk/movies/550:0
[ 3665078ms] [WARNING] The resource http://localhost:3100/_next/static/chunks/2rphgzminn5i9.css was preloaded using link preload but not used within a few seconds from the window's load event. Please make sure it has an appropriate `as` value and it is preloaded intentionally. @ http://localhost:3100/uk/movies/550:0
[ 3669053ms] [WARNING] The resource http://localhost:3100/_next/static/chunks/2rphgzminn5i9.css was preloaded using link preload but not used within a few seconds from the window's load event. Please make sure it has an appropriate `as` value and it is preloaded intentionally. @ http://localhost:3100/uk/movies/550:0
[ 4704662ms] [WARNING] The resource http://localhost:3100/_next/static/chunks/2rphgzminn5i9.css was preloaded using link preload but not used within a few seconds from the window's load event. Please make sure it has an appropriate `as` value and it is preloaded intentionally. @ http://localhost:3100/uk/movies/550:0
[ 4708859ms] [WARNING] The resource http://localhost:3100/_next/static/chunks/2rphgzminn5i9.css was preloaded using link preload but not used within a few seconds from the window's load event. Please make sure it has an appropriate `as` value and it is preloaded intentionally. @ http://localhost:3100/uk/movies/550:0
[ 4712883ms] [WARNING] The resource http://localhost:3100/_next/static/chunks/2rphgzminn5i9.css was preloaded using link preload but not used within a few seconds from the window's load event. Please make sure it has an appropriate `as` value and it is preloaded intentionally. @ http://localhost:3100/uk/movies/550:0
[ 4718477ms] [WARNING] The resource http://localhost:3100/_next/static/chunks/2rphgzminn5i9.css was preloaded using link preload but not used within a few seconds from the window's load event. Please make sure it has an appropriate `as` value and it is preloaded intentionally. @ http://localhost:3100/uk/movies/550:0
[ 4722890ms] [WARNING] The resource http://localhost:3100/_next/static/chunks/2rphgzminn5i9.css was preloaded using link preload but not used within a few seconds from the window's load event. Please make sure it has an appropriate `as` value and it is preloaded intentionally. @ http://localhost:3100/uk/movies/550:0
[ 4726914ms] [WARNING] The resource http://localhost:3100/_next/static/chunks/2rphgzminn5i9.css was preloaded using link preload but not used within a few seconds from the window's load event. Please make sure it has an appropriate `as` value and it is preloaded intentionally. @ http://localhost:3100/uk/movies/550:0
[ 4731911ms] [WARNING] The resource http://localhost:3100/_next/static/chunks/2rphgzminn5i9.css was preloaded using link preload but not used within a few seconds from the window's load event. Please make sure it has an appropriate `as` value and it is preloaded intentionally. @ http://localhost:3100/uk/movies/550:0
[ 4736914ms] [WARNING] The resource http://localhost:3100/_next/static/chunks/2rphgzminn5i9.css was preloaded using link preload but not used within a few seconds from the window's load event. Please make sure it has an appropriate `as` value and it is preloaded intentionally. @ http://localhost:3100/uk/movies/550:0
[ 4741401ms] [WARNING] The resource http://localhost:3100/_next/static/chunks/2rphgzminn5i9.css was preloaded using link preload but not used within a few seconds from the window's load event. Please make sure it has an appropriate `as` value and it is preloaded intentionally. @ http://localhost:3100/uk/movies/550:0
[ 4745916ms] [WARNING] The resource http://localhost:3100/_next/static/chunks/2rphgzminn5i9.css was preloaded using link preload but not used within a few seconds from the window's load event. Please make sure it has an appropriate `as` value and it is preloaded intentionally. @ http://localhost:3100/uk/movies/550:0
[ 4750955ms] [WARNING] The resource http://localhost:3100/_next/static/chunks/2rphgzminn5i9.css was preloaded using link preload but not used within a few seconds from the window's load event. Please make sure it has an appropriate `as` value and it is preloaded intentionally. @ http://localhost:3100/uk/movies/550:0
[ 4754953ms] [WARNING] The resource http://localhost:3100/_next/static/chunks/2rphgzminn5i9.css was preloaded using link preload but not used within a few seconds from the window's load event. Please make sure it has an appropriate `as` value and it is preloaded intentionally. @ http://localhost:3100/uk/movies/550:0
[ 4759955ms] [WARNING] The resource http://localhost:3100/_next/static/chunks/2rphgzminn5i9.css was preloaded using link preload but not used within a few seconds from the window's load event. Please make sure it has an appropriate `as` value and it is preloaded intentionally. @ http://localhost:3100/uk/movies/550:0
[ 4764956ms] [WARNING] The resource http://localhost:3100/_next/static/chunks/2rphgzminn5i9.css was preloaded using link preload but not used within a few seconds from the window's load event. Please make sure it has an appropriate `as` value and it is preloaded intentionally. @ http://localhost:3100/uk/movies/550:0
[ 4769961ms] [WARNING] The resource http://localhost:3100/_next/static/chunks/2rphgzminn5i9.css was preloaded using link preload but not used within a few seconds from the window's load event. Please make sure it has an appropriate `as` value and it is preloaded intentionally. @ http://localhost:3100/uk/movies/550:0
[ 4774973ms] [WARNING] The resource http://localhost:3100/_next/static/chunks/2rphgzminn5i9.css was preloaded using link preload but not used within a few seconds from the window's load event. Please make sure it has an appropriate `as` value and it is preloaded intentionally. @ http://localhost:3100/uk/movies/550:0
[ 4780409ms] [WARNING] The resource http://localhost:3100/_next/static/chunks/2rphgzminn5i9.css was preloaded using link preload but not used within a few seconds from the window's load event. Please make sure it has an appropriate `as` value and it is preloaded intentionally. @ http://localhost:3100/uk/movies/550:0
[ 4784976ms] [WARNING] The resource http://localhost:3100/_next/static/chunks/2rphgzminn5i9.css was preloaded using link preload but not used within a few seconds from the window's load event. Please make sure it has an appropriate `as` value and it is preloaded intentionally. @ http://localhost:3100/uk/movies/550:0
[ 4789979ms] [WARNING] The resource http://localhost:3100/_next/static/chunks/2rphgzminn5i9.css was preloaded using link preload but not used within a few seconds from the window's load event. Please make sure it has an appropriate `as` value and it is preloaded intentionally. @ http://localhost:3100/uk/movies/550:0
[ 4795671ms] [WARNING] The resource http://localhost:3100/_next/static/chunks/2rphgzminn5i9.css was preloaded using link preload but not used within a few seconds from the window's load event. Please make sure it has an appropriate `as` value and it is preloaded intentionally. @ http://localhost:3100/uk/movies/550:0
[ 4799009ms] [WARNING] The resource http://localhost:3100/_next/static/chunks/2rphgzminn5i9.css was preloaded using link preload but not used within a few seconds from the window's load event. Please make sure it has an appropriate `as` value and it is preloaded intentionally. @ http://localhost:3100/uk/movies/550:0
[ 4803553ms] [WARNING] The resource http://localhost:3100/_next/static/chunks/2rphgzminn5i9.css was preloaded using link preload but not used within a few seconds from the window's load event. Please make sure it has an appropriate `as` value and it is preloaded intentionally. @ http://localhost:3100/uk/movies/550:0
[ 4807619ms] [WARNING] The resource http://localhost:3100/_next/static/chunks/2rphgzminn5i9.css was preloaded using link preload but not used within a few seconds from the window's load event. Please make sure it has an appropriate `as` value and it is preloaded intentionally. @ http://localhost:3100/uk/movies/550:0
[ 4812053ms] [WARNING] The resource http://localhost:3100/_next/static/chunks/2rphgzminn5i9.css was preloaded using link preload but not used within a few seconds from the window's load event. Please make sure it has an appropriate `as` value and it is preloaded intentionally. @ http://localhost:3100/uk/movies/550:0
[ 4817058ms] [WARNING] The resource http://localhost:3100/_next/static/chunks/2rphgzminn5i9.css was preloaded using link preload but not used within a few seconds from the window's load event. Please make sure it has an appropriate `as` value and it is preloaded intentionally. @ http://localhost:3100/uk/movies/550:0
[ 4822074ms] [WARNING] The resource http://localhost:3100/_next/static/chunks/2rphgzminn5i9.css was preloaded using link preload but not used within a few seconds from the window's load event. Please make sure it has an appropriate `as` value and it is preloaded intentionally. @ http://localhost:3100/uk/movies/550:0
[ 4827087ms] [WARNING] The resource http://localhost:3100/_next/static/chunks/2rphgzminn5i9.css was preloaded using link preload but not used within a few seconds from the window's load event. Please make sure it has an appropriate `as` value and it is preloaded intentionally. @ http://localhost:3100/uk/movies/550:0
[ 4831114ms] [WARNING] The resource http://localhost:3100/_next/static/chunks/2rphgzminn5i9.css was preloaded using link preload but not used within a few seconds from the window's load event. Please make sure it has an appropriate `as` value and it is preloaded intentionally. @ http://localhost:3100/uk/movies/550:0
[ 4835144ms] [WARNING] The resource http://localhost:3100/_next/static/chunks/2rphgzminn5i9.css was preloaded using link preload but not used within a few seconds from the window's load event. Please make sure it has an appropriate `as` value and it is preloaded intentionally. @ http://localhost:3100/uk/movies/550:0
[ 4840173ms] [WARNING] The resource http://localhost:3100/_next/static/chunks/2rphgzminn5i9.css was preloaded using link preload but not used within a few seconds from the window's load event. Please make sure it has an appropriate `as` value and it is preloaded intentionally. @ http://localhost:3100/uk/movies/550:0
[ 4845188ms] [WARNING] The resource http://localhost:3100/_next/static/chunks/2rphgzminn5i9.css was preloaded using link preload but not used within a few seconds from the window's load event. Please make sure it has an appropriate `as` value and it is preloaded intentionally. @ http://localhost:3100/uk/movies/550:0
[ 4850199ms] [WARNING] The resource http://localhost:3100/_next/static/chunks/2rphgzminn5i9.css was preloaded using link preload but not used within a few seconds from the window's load event. Please make sure it has an appropriate `as` value and it is preloaded intentionally. @ http://localhost:3100/uk/movies/550:0
[ 4855199ms] [WARNING] The resource http://localhost:3100/_next/static/chunks/2rphgzminn5i9.css was preloaded using link preload but not used within a few seconds from the window's load event. Please make sure it has an appropriate `as` value and it is preloaded intentionally. @ http://localhost:3100/uk/movies/550:0
[ 5289566ms] [WARNING] The resource http://localhost:3100/_next/static/chunks/2rphgzminn5i9.css was preloaded using link preload but not used within a few seconds from the window's load event. Please make sure it has an appropriate `as` value and it is preloaded intentionally. @ http://localhost:3100/uk/movies/550:0
[ 5293614ms] [WARNING] The resource http://localhost:3100/_next/static/chunks/2rphgzminn5i9.css was preloaded using link preload but not used within a few seconds from the window's load event. Please make sure it has an appropriate `as` value and it is preloaded intentionally. @ http://localhost:3100/uk/movies/550:0
[ 5298614ms] [WARNING] The resource http://localhost:3100/_next/static/chunks/2rphgzminn5i9.css was preloaded using link preload but not used within a few seconds from the window's load event. Please make sure it has an appropriate `as` value and it is preloaded intentionally. @ http://localhost:3100/uk/movies/550:0
[ 5302626ms] [WARNING] The resource http://localhost:3100/_next/static/chunks/2rphgzminn5i9.css was preloaded using link preload but not used within a few seconds from the window's load event. Please make sure it has an appropriate `as` value and it is preloaded intentionally. @ http://localhost:3100/uk/movies/550:0
[ 5307629ms] [WARNING] The resource http://localhost:3100/_next/static/chunks/2rphgzminn5i9.css was preloaded using link preload but not used within a few seconds from the window's load event. Please make sure it has an appropriate `as` value and it is preloaded intentionally. @ http://localhost:3100/uk/movies/550:0
[ 5313741ms] [WARNING] The resource http://localhost:3100/_next/static/chunks/2rphgzminn5i9.css was preloaded using link preload but not used within a few seconds from the window's load event. Please make sure it has an appropriate `as` value and it is preloaded intentionally. @ http://localhost:3100/uk/movies/550:0
[ 5317635ms] [WARNING] The resource http://localhost:3100/_next/static/chunks/2rphgzminn5i9.css was preloaded using link preload but not used within a few seconds from the window's load event. Please make sure it has an appropriate `as` value and it is preloaded intentionally. @ http://localhost:3100/uk/movies/550:0
[ 5322636ms] [WARNING] The resource http://localhost:3100/_next/static/chunks/2rphgzminn5i9.css was preloaded using link preload but not used within a few seconds from the window's load event. Please make sure it has an appropriate `as` value and it is preloaded intentionally. @ http://localhost:3100/uk/movies/550:0
[ 5326671ms] [WARNING] The resource http://localhost:3100/_next/static/chunks/2rphgzminn5i9.css was preloaded using link preload but not used within a few seconds from the window's load event. Please make sure it has an appropriate `as` value and it is preloaded intentionally. @ http://localhost:3100/uk/movies/550:0
[ 5332233ms] [WARNING] The resource http://localhost:3100/_next/static/chunks/2rphgzminn5i9.css was preloaded using link preload but not used within a few seconds from the window's load event. Please make sure it has an appropriate `as` value and it is preloaded intentionally. @ http://localhost:3100/uk/movies/550:0
[ 5337154ms] [WARNING] The resource http://localhost:3100/_next/static/chunks/2rphgzminn5i9.css was preloaded using link preload but not used within a few seconds from the window's load event. Please make sure it has an appropriate `as` value and it is preloaded intentionally. @ http://localhost:3100/uk/movies/550:0
[ 5341657ms] [WARNING] The resource http://localhost:3100/_next/static/chunks/2rphgzminn5i9.css was preloaded using link preload but not used within a few seconds from the window's load event. Please make sure it has an appropriate `as` value and it is preloaded intentionally. @ http://localhost:3100/uk/movies/550:0
[ 5346654ms] [WARNING] The resource http://localhost:3100/_next/static/chunks/2rphgzminn5i9.css was preloaded using link preload but not used within a few seconds from the window's load event. Please make sure it has an appropriate `as` value and it is preloaded intentionally. @ http://localhost:3100/uk/movies/550:0
[ 5352065ms] [WARNING] The resource http://localhost:3100/_next/static/chunks/2rphgzminn5i9.css was preloaded using link preload but not used within a few seconds from the window's load event. Please make sure it has an appropriate `as` value and it is preloaded intentionally. @ http://localhost:3100/uk/movies/550:0
[ 5356658ms] [WARNING] The resource http://localhost:3100/_next/static/chunks/2rphgzminn5i9.css was preloaded using link preload but not used within a few seconds from the window's load event. Please make sure it has an appropriate `as` value and it is preloaded intentionally. @ http://localhost:3100/uk/movies/550:0
[ 5361660ms] [WARNING] The resource http://localhost:3100/_next/static/chunks/2rphgzminn5i9.css was preloaded using link preload but not used within a few seconds from the window's load event. Please make sure it has an appropriate `as` value and it is preloaded intentionally. @ http://localhost:3100/uk/movies/550:0
[ 5366661ms] [WARNING] The resource http://localhost:3100/_next/static/chunks/2rphgzminn5i9.css was preloaded using link preload but not used within a few seconds from the window's load event. Please make sure it has an appropriate `as` value and it is preloaded intentionally. @ http://localhost:3100/uk/movies/550:0
[ 5371664ms] [WARNING] The resource http://localhost:3100/_next/static/chunks/2rphgzminn5i9.css was preloaded using link preload but not used within a few seconds from the window's load event. Please make sure it has an appropriate `as` value and it is preloaded intentionally. @ http://localhost:3100/uk/movies/550:0
[ 5376665ms] [WARNING] The resource http://localhost:3100/_next/static/chunks/2rphgzminn5i9.css was preloaded using link preload but not used within a few seconds from the window's load event. Please make sure it has an appropriate `as` value and it is preloaded intentionally. @ http://localhost:3100/uk/movies/550:0
[ 5382097ms] [WARNING] The resource http://localhost:3100/_next/static/chunks/2rphgzminn5i9.css was preloaded using link preload but not used within a few seconds from the window's load event. Please make sure it has an appropriate `as` value and it is preloaded intentionally. @ http://localhost:3100/uk/movies/550:0
[ 5385698ms] [WARNING] The resource http://localhost:3100/_next/static/chunks/2rphgzminn5i9.css was preloaded using link preload but not used within a few seconds from the window's load event. Please make sure it has an appropriate `as` value and it is preloaded intentionally. @ http://localhost:3100/uk/movies/550:0
[ 5390720ms] [WARNING] The resource http://localhost:3100/_next/static/chunks/2rphgzminn5i9.css was preloaded using link preload but not used within a few seconds from the window's load event. Please make sure it has an appropriate `as` value and it is preloaded intentionally. @ http://localhost:3100/uk/movies/550:0
[ 5395710ms] [WARNING] The resource http://localhost:3100/_next/static/chunks/2rphgzminn5i9.css was preloaded using link preload but not used within a few seconds from the window's load event. Please make sure it has an appropriate `as` value and it is preloaded intentionally. @ http://localhost:3100/uk/movies/550:0
[ 5400700ms] [WARNING] The resource http://localhost:3100/_next/static/chunks/2rphgzminn5i9.css was preloaded using link preload but not used within a few seconds from the window's load event. Please make sure it has an appropriate `as` value and it is preloaded intentionally. @ http://localhost:3100/uk/movies/550:0
[ 5404709ms] [WARNING] The resource http://localhost:3100/_next/static/chunks/2rphgzminn5i9.css was preloaded using link preload but not used within a few seconds from the window's load event. Please make sure it has an appropriate `as` value and it is preloaded intentionally. @ http://localhost:3100/uk/movies/550:0
[ 5410269ms] [WARNING] The resource http://localhost:3100/_next/static/chunks/2rphgzminn5i9.css was preloaded using link preload but not used within a few seconds from the window's load event. Please make sure it has an appropriate `as` value and it is preloaded intentionally. @ http://localhost:3100/uk/movies/550:0
[ 5415191ms] [WARNING] The resource http://localhost:3100/_next/static/chunks/2rphgzminn5i9.css was preloaded using link preload but not used within a few seconds from the window's load event. Please make sure it has an appropriate `as` value and it is preloaded intentionally. @ http://localhost:3100/uk/movies/550:0
[ 5419745ms] [WARNING] The resource http://localhost:3100/_next/static/chunks/2rphgzminn5i9.css was preloaded using link preload but not used within a few seconds from the window's load event. Please make sure it has an appropriate `as` value and it is preloaded intentionally. @ http://localhost:3100/uk/movies/550:0
[ 5424757ms] [WARNING] The resource http://localhost:3100/_next/static/chunks/2rphgzminn5i9.css was preloaded using link preload but not used within a few seconds from the window's load event. Please make sure it has an appropriate `as` value and it is preloaded intentionally. @ http://localhost:3100/uk/movies/550:0
[ 5429144ms] [WARNING] The resource http://localhost:3100/_next/static/chunks/2rphgzminn5i9.css was preloaded using link preload but not used within a few seconds from the window's load event. Please make sure it has an appropriate `as` value and it is preloaded intentionally. @ http://localhost:3100/uk/movies/550:0
[ 5433731ms] [WARNING] The resource http://localhost:3100/_next/static/chunks/2rphgzminn5i9.css was preloaded using link preload but not used within a few seconds from the window's load event. Please make sure it has an appropriate `as` value and it is preloaded intentionally. @ http://localhost:3100/uk/movies/550:0
[ 5438734ms] [WARNING] The resource http://localhost:3100/_next/static/chunks/2rphgzminn5i9.css was preloaded using link preload but not used within a few seconds from the window's load event. Please make sure it has an appropriate `as` value and it is preloaded intentionally. @ http://localhost:3100/uk/movies/550:0
[ 5444187ms] [WARNING] The resource http://localhost:3100/_next/static/chunks/2rphgzminn5i9.css was preloaded using link preload but not used within a few seconds from the window's load event. Please make sure it has an appropriate `as` value and it is preloaded intentionally. @ http://localhost:3100/uk/movies/550:0
[ 5448737ms] [WARNING] The resource http://localhost:3100/_next/static/chunks/2rphgzminn5i9.css was preloaded using link preload but not used within a few seconds from the window's load event. Please make sure it has an appropriate `as` value and it is preloaded intentionally. @ http://localhost:3100/uk/movies/550:0
[ 5453747ms] [WARNING] The resource http://localhost:3100/_next/static/chunks/2rphgzminn5i9.css was preloaded using link preload but not used within a few seconds from the window's load event. Please make sure it has an appropriate `as` value and it is preloaded intentionally. @ http://localhost:3100/uk/movies/550:0
[ 5458758ms] [WARNING] The resource http://localhost:3100/_next/static/chunks/2rphgzminn5i9.css was preloaded using link preload but not used within a few seconds from the window's load event. Please make sure it has an appropriate `as` value and it is preloaded intentionally. @ http://localhost:3100/uk/movies/550:0
[ 5463773ms] [WARNING] The resource http://localhost:3100/_next/static/chunks/2rphgzminn5i9.css was preloaded using link preload but not used within a few seconds from the window's load event. Please make sure it has an appropriate `as` value and it is preloaded intentionally. @ http://localhost:3100/uk/movies/550:0
[ 5468771ms] [WARNING] The resource http://localhost:3100/_next/static/chunks/2rphgzminn5i9.css was preloaded using link preload but not used within a few seconds from the window's load event. Please make sure it has an appropriate `as` value and it is preloaded intentionally. @ http://localhost:3100/uk/movies/550:0
[ 5473761ms] [WARNING] The resource http://localhost:3100/_next/static/chunks/2rphgzminn5i9.css was preloaded using link preload but not used within a few seconds from the window's load event. Please make sure it has an appropriate `as` value and it is preloaded intentionally. @ http://localhost:3100/uk/movies/550:0
[ 5477822ms] [WARNING] The resource http://localhost:3100/_next/static/chunks/2rphgzminn5i9.css was preloaded using link preload but not used within a few seconds from the window's load event. Please make sure it has an appropriate `as` value and it is preloaded intentionally. @ http://localhost:3100/uk/movies/550:0
[ 5482805ms] [WARNING] The resource http://localhost:3100/_next/static/chunks/2rphgzminn5i9.css was preloaded using link preload but not used within a few seconds from the window's load event. Please make sure it has an appropriate `as` value and it is preloaded intentionally. @ http://localhost:3100/uk/movies/550:0
[ 5486840ms] [WARNING] The resource http://localhost:3100/_next/static/chunks/2rphgzminn5i9.css was preloaded using link preload but not used within a few seconds from the window's load event. Please make sure it has an appropriate `as` value and it is preloaded intentionally. @ http://localhost:3100/uk/movies/550:0
[ 5491835ms] [WARNING] The resource http://localhost:3100/_next/static/chunks/2rphgzminn5i9.css was preloaded using link preload but not used within a few seconds from the window's load event. Please make sure it has an appropriate `as` value and it is preloaded intentionally. @ http://localhost:3100/uk/movies/550:0
[ 5495849ms] [WARNING] The resource http://localhost:3100/_next/static/chunks/2rphgzminn5i9.css was preloaded using link preload but not used within a few seconds from the window's load event. Please make sure it has an appropriate `as` value and it is preloaded intentionally. @ http://localhost:3100/uk/movies/550:0
[ 5499886ms] [WARNING] The resource http://localhost:3100/_next/static/chunks/2rphgzminn5i9.css was preloaded using link preload but not used within a few seconds from the window's load event. Please make sure it has an appropriate `as` value and it is preloaded intentionally. @ http://localhost:3100/uk/movies/550:0
[ 5504889ms] [WARNING] The resource http://localhost:3100/_next/static/chunks/2rphgzminn5i9.css was preloaded using link preload but not used within a few seconds from the window's load event. Please make sure it has an appropriate `as` value and it is preloaded intentionally. @ http://localhost:3100/uk/movies/550:0
[ 5509892ms] [WARNING] The resource http://localhost:3100/_next/static/chunks/2rphgzminn5i9.css was preloaded using link preload but not used within a few seconds from the window's load event. Please make sure it has an appropriate `as` value and it is preloaded intentionally. @ http://localhost:3100/uk/movies/550:0
[ 5515436ms] [WARNING] The resource http://localhost:3100/_next/static/chunks/2rphgzminn5i9.css was preloaded using link preload but not used within a few seconds from the window's load event. Please make sure it has an appropriate `as` value and it is preloaded intentionally. @ http://localhost:3100/uk/movies/550:0
[ 5519903ms] [WARNING] The resource http://localhost:3100/_next/static/chunks/2rphgzminn5i9.css was preloaded using link preload but not used within a few seconds from the window's load event. Please make sure it has an appropriate `as` value and it is preloaded intentionally. @ http://localhost:3100/uk/movies/550:0
[ 5524913ms] [WARNING] The resource http://localhost:3100/_next/static/chunks/2rphgzminn5i9.css was preloaded using link preload but not used within a few seconds from the window's load event. Please make sure it has an appropriate `as` value and it is preloaded intentionally. @ http://localhost:3100/uk/movies/550:0
[ 5529926ms] [WARNING] The resource http://localhost:3100/_next/static/chunks/2rphgzminn5i9.css was preloaded using link preload but not used within a few seconds from the window's load event. Please make sure it has an appropriate `as` value and it is preloaded intentionally. @ http://localhost:3100/uk/movies/550:0
[ 5534925ms] [WARNING] The resource http://localhost:3100/_next/static/chunks/2rphgzminn5i9.css was preloaded using link preload but not used within a few seconds from the window's load event. Please make sure it has an appropriate `as` value and it is preloaded intentionally. @ http://localhost:3100/uk/movies/550:0
[ 5538941ms] [WARNING] The resource http://localhost:3100/_next/static/chunks/2rphgzminn5i9.css was preloaded using link preload but not used within a few seconds from the window's load event. Please make sure it has an appropriate `as` value and it is preloaded intentionally. @ http://localhost:3100/uk/movies/550:0
[ 5544516ms] [WARNING] The resource http://localhost:3100/_next/static/chunks/2rphgzminn5i9.css was preloaded using link preload but not used within a few seconds from the window's load event. Please make sure it has an appropriate `as` value and it is preloaded intentionally. @ http://localhost:3100/uk/movies/550:0
[ 5548933ms] [WARNING] The resource http://localhost:3100/_next/static/chunks/2rphgzminn5i9.css was preloaded using link preload but not used within a few seconds from the window's load event. Please make sure it has an appropriate `as` value and it is preloaded intentionally. @ http://localhost:3100/uk/movies/550:0
[ 5553973ms] [WARNING] The resource http://localhost:3100/_next/static/chunks/2rphgzminn5i9.css was preloaded using link preload but not used within a few seconds from the window's load event. Please make sure it has an appropriate `as` value and it is preloaded intentionally. @ http://localhost:3100/uk/movies/550:0
[ 5557951ms] [WARNING] The resource http://localhost:3100/_next/static/chunks/2rphgzminn5i9.css was preloaded using link preload but not used within a few seconds from the window's load event. Please make sure it has an appropriate `as` value and it is preloaded intentionally. @ http://localhost:3100/uk/movies/550:0
[ 5563004ms] [WARNING] The resource http://localhost:3100/_next/static/chunks/2rphgzminn5i9.css was preloaded using link preload but not used within a few seconds from the window's load event. Please make sure it has an appropriate `as` value and it is preloaded intentionally. @ http://localhost:3100/uk/movies/550:0
[ 5566991ms] [WARNING] The resource http://localhost:3100/_next/static/chunks/2rphgzminn5i9.css was preloaded using link preload but not used within a few seconds from the window's load event. Please make sure it has an appropriate `as` value and it is preloaded intentionally. @ http://localhost:3100/uk/movies/550:0
[ 5570997ms] [WARNING] The resource http://localhost:3100/_next/static/chunks/2rphgzminn5i9.css was preloaded using link preload but not used within a few seconds from the window's load event. Please make sure it has an appropriate `as` value and it is preloaded intentionally. @ http://localhost:3100/uk/movies/550:0
[ 5575018ms] [WARNING] The resource http://localhost:3100/_next/static/chunks/2rphgzminn5i9.css was preloaded using link preload but not used within a few seconds from the window's load event. Please make sure it has an appropriate `as` value and it is preloaded intentionally. @ http://localhost:3100/uk/movies/550:0
[ 5579991ms] [WARNING] The resource http://localhost:3100/_next/static/chunks/2rphgzminn5i9.css was preloaded using link preload but not used within a few seconds from the window's load event. Please make sure it has an appropriate `as` value and it is preloaded intentionally. @ http://localhost:3100/uk/movies/550:0
[ 5585003ms] [WARNING] The resource http://localhost:3100/_next/static/chunks/2rphgzminn5i9.css was preloaded using link preload but not used within a few seconds from the window's load event. Please make sure it has an appropriate `as` value and it is preloaded intentionally. @ http://localhost:3100/uk/movies/550:0
[ 5589994ms] [WARNING] The resource http://localhost:3100/_next/static/chunks/2rphgzminn5i9.css was preloaded using link preload but not used within a few seconds from the window's load event. Please make sure it has an appropriate `as` value and it is preloaded intentionally. @ http://localhost:3100/uk/movies/550:0
[ 5594033ms] [WARNING] The resource http://localhost:3100/_next/static/chunks/2rphgzminn5i9.css was preloaded using link preload but not used within a few seconds from the window's load event. Please make sure it has an appropriate `as` value and it is preloaded intentionally. @ http://localhost:3100/uk/movies/550:0
[ 5599712ms] [WARNING] The resource http://localhost:3100/_next/static/chunks/2rphgzminn5i9.css was preloaded using link preload but not used within a few seconds from the window's load event. Please make sure it has an appropriate `as` value and it is preloaded intentionally. @ http://localhost:3100/uk/movies/550:0
[ 5604037ms] [WARNING] The resource http://localhost:3100/_next/static/chunks/2rphgzminn5i9.css was preloaded using link preload but not used within a few seconds from the window's load event. Please make sure it has an appropriate `as` value and it is preloaded intentionally. @ http://localhost:3100/uk/movies/550:0
[ 5609032ms] [WARNING] The resource http://localhost:3100/_next/static/chunks/2rphgzminn5i9.css was preloaded using link preload but not used within a few seconds from the window's load event. Please make sure it has an appropriate `as` value and it is preloaded intentionally. @ http://localhost:3100/uk/movies/550:0
[ 5614058ms] [WARNING] The resource http://localhost:3100/_next/static/chunks/2rphgzminn5i9.css was preloaded using link preload but not used within a few seconds from the window's load event. Please make sure it has an appropriate `as` value and it is preloaded intentionally. @ http://localhost:3100/uk/movies/550:0
[ 5619069ms] [WARNING] The resource http://localhost:3100/_next/static/chunks/2rphgzminn5i9.css was preloaded using link preload but not used within a few seconds from the window's load event. Please make sure it has an appropriate `as` value and it is preloaded intentionally. @ http://localhost:3100/uk/movies/550:0
[ 5624068ms] [WARNING] The resource http://localhost:3100/_next/static/chunks/2rphgzminn5i9.css was preloaded using link preload but not used within a few seconds from the window's load event. Please make sure it has an appropriate `as` value and it is preloaded intentionally. @ http://localhost:3100/uk/movies/550:0
[ 5629074ms] [WARNING] The resource http://localhost:3100/_next/static/chunks/2rphgzminn5i9.css was preloaded using link preload but not used within a few seconds from the window's load event. Please make sure it has an appropriate `as` value and it is preloaded intentionally. @ http://localhost:3100/uk/movies/550:0
[ 5633660ms] [WARNING] The resource http://localhost:3100/_next/static/chunks/2rphgzminn5i9.css was preloaded using link preload but not used within a few seconds from the window's load event. Please make sure it has an appropriate `as` value and it is preloaded intentionally. @ http://localhost:3100/uk/movies/550:0
[ 5638106ms] [WARNING] The resource http://localhost:3100/_next/static/chunks/2rphgzminn5i9.css was preloaded using link preload but not used within a few seconds from the window's load event. Please make sure it has an appropriate `as` value and it is preloaded intentionally. @ http://localhost:3100/uk/movies/550:0
[ 5643102ms] [WARNING] The resource http://localhost:3100/_next/static/chunks/2rphgzminn5i9.css was preloaded using link preload but not used within a few seconds from the window's load event. Please make sure it has an appropriate `as` value and it is preloaded intentionally. @ http://localhost:3100/uk/movies/550:0
[ 5648528ms] [WARNING] The resource http://localhost:3100/_next/static/chunks/2rphgzminn5i9.css was preloaded using link preload but not used within a few seconds from the window's load event. Please make sure it has an appropriate `as` value and it is preloaded intentionally. @ http://localhost:3100/uk/movies/550:0
[ 5653667ms] [WARNING] The resource http://localhost:3100/_next/static/chunks/2rphgzminn5i9.css was preloaded using link preload but not used within a few seconds from the window's load event. Please make sure it has an appropriate `as` value and it is preloaded intentionally. @ http://localhost:3100/uk/movies/550:0
[ 5657128ms] [WARNING] The resource http://localhost:3100/_next/static/chunks/2rphgzminn5i9.css was preloaded using link preload but not used within a few seconds from the window's load event. Please make sure it has an appropriate `as` value and it is preloaded intentionally. @ http://localhost:3100/uk/movies/550:0
